,Series,Number,JPEG,Name,Quantity,burns,quantity_after_burns
0,1,34,,LORDKEK,"10,000 ",0.000085555,9999914
1,1,16,,PEPETRATION,"1,000 ",900,100
2,1,24,,PEPEONECOIN,"856,290,000 ",9,856289991
3,1,49,,NOFAPPEPE,"1,000 ",4,996
4,1,39,,PEPEBEEFTAXI,100,1,99
5,1,10,,STILLPEPE,500,1,499
6,1,19,,LUCKYPEPE,"10,000 ",1,9999
7,1,32,,ONLYONEPEPE,1,0,1
8,1,41,,JONGPEPE,3,0,3
9,1,28,,DASHPEPE,11,0,11
10,1,48,,PEPEPOPE,25,0,25
11,1,17,,DARKPILLPEPE,29,0,29
12,1,50,,FORTYTWOPEPE,42,0,42
13,1,20,,CHERPEPEFOIL,50,0,50
14,1,25,,PEPEVIAGRA,64,0,64
15,1,38,,PEPELLUM,98,0,98
16,1,12,,LOVEPEPETATO,100,0,100
17,1,26,,PEPEGUN,100,0,100
18,1,44,,TROUTPEPE,100,0,100
19,1,45,,HERNIAPEPE,115,0,115
20,1,33,,PEPEKACHU,125,0,125
21,1,46,,PEPEMINING,150,0,150
22,1,1,,RAREPEPE,300,0,300
23,1,31,,HARDPEPEFORK,300,0,300
24,1,35,,XOBLORTPEPE,300,0,300
25,1,36,,MAGICPEPEYE,300,0,300
26,1,6,,TRUMPRARE,400,0,400
27,1,5,,DANKPEPE,420,0,420
28,1,21,,PEPEBROS,500,0,500
29,1,42,,IMWITHPEPE,500,0,500
30,1,22,,DAOPEPEHACK,666,0,666
31,1,37,,UFOPEPE,800,0,800
32,1,8,,KEISERPEPE,999,0,999
33,1,14,,GURUPEPE,999,0,999
34,1,7,,PEPEPARTY,"1,000 ",0,1000
35,1,9,,BUPEPE,"1,000 ",0,1000
36,1,18,,HAIRPEPE,"1,000 ",0,1000
37,1,27,,PEPEBOY,"1,000 ",0,1000
38,1,29,,TLCPEPE,"1,000 ",0,1000
39,1,30,,BANEPEPE,"1,000 ",0,1000
40,1,2,,GOXPEPE,"1,500 ",0,1500
41,1,3,,SHITCOINCARD,"3,000 ",0,3000
42,1,15,,HYIPPEPE,"5,000 ",0,5000
43,1,4,,PEPENATION,"10,000 ",0,10000
44,1,23,,PEPEBONGSPHP,"10,000 ",0,10000
45,1,43,,DEBATEPEPE,"10,000 ",0,10000
46,1,47,,TOPCUCK,"10,000 ",0,10000
47,1,13,,PEPEJOINTSPH,"50,000 ",0,50000
48,1,40,,PONZIPEPE,"99,999 ",0,99999
49,2,7,,LEOPEPESCAM,717,546,171
50,2,5,,HEISENPEPE,999,222,777
51,2,13,,PEPELIBRARY,300,69,231
52,2,34,,WINKELPEPE,2,1,1
53,2,17,,HARAMPEPE,333,1,332
54,2,32,,HOMERPEPE,1,0,1
55,2,44,,PEPEPIZZA,1,0,1
56,2,36,,CLUBPEPE,5,0,5
57,2,1,,GRIMPEPE,8,0,8
58,2,20,,ILLUMINATIPE,10,0,10
59,2,24,,BINARYPEPE,10,0,10
60,2,25,,TIMETRAVELPP,10,0,10
61,2,38,,RICKANDPEPE,10,0,10
62,2,40,,SELLOUTPEPE,10,0,10
63,2,49,,EYEOFTHEPEPE,20,0,20
64,2,50,,HORRORPEPE,20,0,20
65,2,12,,BARRYPEPE,21,0,21
66,2,45,,BACHELORPEPE,25,0,25
67,2,46,,PEPEPOWERONE,25,0,25
68,2,47,,PEPEPOWERTWO,25,0,25
69,2,9,,PEPEBREEDER,30,0,30
70,2,42,,RARECOINMEME,30,0,30
71,2,4,,MORPHEUSPEPE,43,0,43
72,2,27,,PEPECASTRO,46,0,46
73,2,2,,ZEROWINGPEPE,50,0,50
74,2,11,,PEPEROSS,50,0,50
75,2,35,,DEXTERPEPE,50,0,50
76,2,37,,PEPELEPEW,50,0,50
77,2,22,,SONICPEPE,99,0,99
78,2,10,,WEAREALLPEPE,100,0,100
79,2,15,,PEPECRYSTAL,100,0,100
80,2,28,,THEARCHIPEPE,100,0,100
81,2,31,,PHEONIXPEPE,100,0,100
82,2,8,,TRIPPYPEPE,125,0,125
83,2,23,,LIAMPEPE,150,0,150
84,2,41,,JUNSETHPEPE,150,0,150
85,2,19,,RARECHAVEZ,200,0,200
86,2,18,,BIGVERNPEPE,250,0,250
87,2,3,,ZETAPEPE,256,0,256
88,2,39,,ETHERPEPE,256,0,256
89,2,14,,OPPPEPE,300,0,300
90,2,26,,THOTHPEPE,300,0,300
91,2,21,,HILLARYPEPE,400,0,400
92,2,16,,PEPEGATES,500,0,500
93,2,43,,GADSDENPEPE,500,0,500
94,2,6,,RAREMRROBOT,512,0,512
95,2,33,,SEAMANPEPE,666,0,666
96,2,30,,EGGPLANTPEPE,999,0,999
97,2,48,,SPACEDADDY,"2,024 ",0,2024
98,2,29,,BANANAPEPE,"50,000 ",0,50000
99,3,4,,BOMINABLPEPE,20,10,10
100,3,20,,REDPUTINPEPE,1,0,1
101,3,21,,MYLITTLEPEPE,1,0,1
102,3,23,,PEPEBUGGED,1,0,1
103,3,25,,PEPENOPOULOS,1,0,1
104,3,28,,RICFLAIRPEPE,3,0,3
105,3,30,,PEPEALASSAD,3,0,3
106,3,9,,PEPEMILLION,5,0,5
107,3,24,,ZZTOPEPE,5,0,5
108,3,15,,PUTINPEPE,9,0,9
109,3,16,,DOGGYPUTIN,9,0,9
110,3,17,,NOFUCKSPUTIN,9,0,9
111,3,18,,FSBPUTINPEPE,9,0,9
112,3,19,,TENPINPUTIN,9,0,9
113,3,2,,JESUSPEPE,10,0,10
114,3,27,,SANDWICHPEPE,12,0,12
115,3,10,,TECHNOPEPE,13,0,13
116,3,6,,BAPEPE,15,0,15
117,3,13,,TSUPEPE,20,0,20
118,3,11,,SMUGGLASSES,25,0,25
119,3,22,,MARVINPEPE,42,0,42
120,3,7,,PEPECOUNTER,50,0,50
121,3,14,,EINSTEINPEPE,50,0,50
122,3,29,,TUXPEPE,50,0,50
123,3,1,,PEPEGOAT,99,0,99
124,3,12,,PTSDPEPE,100,0,100
125,3,26,,REPOPEPE,100,0,100
126,3,31,,PEPEKONGBIGM,100,0,100
127,3,32,,CIRCLEOFPEPE,100,0,100
128,3,33,,JALAPEPE,100,0,100
129,3,34,,PEPEPHONEHOM,100,0,100
130,3,35,,PRIVATEPEPE,100,0,100
131,3,36,,INCREDIEPEPE,100,0,100
132,3,38,,DRATHPEPE,100,0,100
133,3,39,,SALTANDPEPE,100,0,100
134,3,42,,PEPERMIND,100,0,100
135,3,46,,RPEPEARMANDO,100,0,100
136,3,48,,NEONPEPE,100,0,100
137,3,45,,MOONPEPE,113,0,113
138,3,41,,CHYNAPEPE,130,0,130
139,3,47,,RAREPEPESS,250,0,250
140,3,37,,RAIRPEPE,300,0,300
141,3,50,,FOLDERPEPE,600,0,600
142,3,44,,JACKPOTPEPE,777,0,777
143,3,43,,RGBPEPE,"1,000 ",0,1000
144,3,49,,WILDPEPE,"1,300 ",0,1300
145,3,3,,SCARFACEPEPE,"1,983 ",0,1983
146,3,8,,DABPEPE,"2,000 ",0,2000
147,3,40,,WHISKEYPEPE,"10,000 ",0,10000
148,3,5,,PEPECONDOM,"30,000 ",0,30000
149,4,36,,UPINSMKPEPE,"4,200 ",3400,800
150,4,47,,SLVPEPE,"1,738 ",399,1339
151,4,48,,GLDPEPE,"1,250 ",100,1150
152,4,26,,NASPEPE,"2,000 ",33,1967
153,4,38,,RPEPELIGHTER,"1,000,000,000 ",2,999999998
154,4,37,,MOBBPEPE,500,1,499
155,4,14,,LEANPEPE,3,0,3
156,4,15,,UNLUCKYPEPE,13,0,13
157,4,8,,WOLONGPEPE,100,0,100
158,4,11,,PEPEDARK,100,0,100
159,4,20,,MONALISAPEPE,100,0,100
160,4,21,,PEPEBURGUNDY,100,0,100
161,4,22,,GADGETPEPE,100,0,100
162,4,27,,HYPNOPEPE,100,0,100
163,4,28,,THEMONAPEPE,100,0,100
164,4,39,,EMPERORPEPE,100,0,100
165,4,40,,MISSTURNPEPE,100,0,100
166,4,41,,PRINCESSPEPE,100,0,100
167,4,42,,PEPEFETT,100,0,100
168,4,43,,HANPEPE,100,0,100
169,4,45,,BEETLEPEPE,100,0,100
170,4,1,,ZIKAPEPE,111,0,111
171,4,24,,PEPEDANCE,111,0,111
172,4,35,,PEPEVIDEODRO,111,0,111
173,4,44,,RERERPERP,111,0,111
174,4,18,,KILLARYPEPE,130,0,130
175,4,4,,SALTYTADPEPE,133,0,133
176,4,5,,SADMILKPEPE,133,0,133
177,4,6,,PEPEINSHADES,151,0,151
178,4,29,,DJPEPE,169,0,169
179,4,30,,MCPEPE,169,0,169
180,4,31,,PEPEONE,169,0,169
181,4,32,,BBOYPEPE,169,0,169
182,4,7,,RAREPEPESHOW,177,0,177
183,4,25,,PEPESUS,184,0,184
184,4,50,,STRIPERPEPE,300,0,300
185,4,33,,RPEPEGOLDENR,314,0,314
186,4,2,,MARINEPEINE,333,0,333
187,4,3,,NICOSARKOS,333,0,333
188,4,12,,BLOCKPEPE,365,0,365
189,4,49,,PEPEPUFF,600,0,600
190,4,17,,WANKSYPEPE,"1,000 ",0,1000
191,4,19,,VERIFIEDPEPE,"1,000 ",0,1000
192,4,23,,RPSILLYWALK,"1,000 ",0,1000
193,4,34,,RAREPEPEDAO,"1,000 ",0,1000
194,4,13,,RPJAILEXIT,"1,234 ",0,1234
195,4,16,,HOTLINEPEPE,"2,000 ",0,2000
196,4,9,,PEPEOFTHEUSA,"2,016 ",0,2016
197,4,46,,SOGGYPEPE,"10,000 ",0,10000
198,4,10,,JWPEPE,"144,000 ",0,144000
199,5,13,,GUMMYPEPE,"1,000,000 ","550,001 ","449,999 "
200,5,38,,PEPEONMUSK,"225,000,000 ","135,002,053 ","89,997,947 "
201,5,27,,PEPESSOU,"1,300 ","1,147 ",153
202,5,7,,BIGGIEPEPE,"1,997 ",120,"1,877 "
203,5,3,,GUARDSPEPE,"1,000,000,000 ",77,"999,999,923 "
204,5,37,,PEPEGIGA,305,50,255
205,5,31,,SEVENBITPEPE,128,10,118
206,5,5,,PEPEHEXCHANT,"7,500,000,000 ",5,"7,499,999,995 "
207,5,10,,TOREROPEPE,"22,000,000 ",4,"21,999,996 "
208,5,8,,FSMPEPE,"10,000 ",1,"9,999 "
209,5,1,,GODEMPEPE,100,0,100
210,5,9,,KOJIPEPE,100,0,100
211,5,11,,CHEECHPEPE,100,0,100
212,5,12,,CHONGPEPE,100,0,100
213,5,16,,PEPEPEANUTS,100,0,100
214,5,20,,BITCOINPEPE,100,0,100
215,5,24,,GRNDMSTRPEPE,100,0,100
216,5,25,,SLENDERPEPE,100,0,100
217,5,28,,PEPESMURF,100,0,100
218,5,30,,HELOPEPE,100,0,100
219,5,40,,PEPEKEN,100,0,100
220,5,45,,DANPEPERIAN,100,0,100
221,5,4,,PEPECHE,105,0,105
222,5,34,,RUNDMP,111,0,111
223,5,36,,PEPETHESOG,111,0,111
224,5,43,,CANNEDPEPE,150,0,150
225,5,42,,PEPEZOMBIE,152,0,152
226,5,50,,FATHERPEPE,200,0,200
227,5,41,,CNTRFLDPEPE,300,0,300
228,5,35,,MONBOURARNO,333,0,333
229,5,17,,UNCLEPEPE,500,0,500
230,5,22,,CALLHOTPEPE,500,0,500
231,5,44,,FRYPEPE,500,0,500
232,5,29,,LITTLEBOPEPE,600,0,600
233,5,21,,PEPEMINT,750,0,750
234,5,26,,BURNINGPEPE,911,0,911
235,5,39,,SNOTPEPE,999,0,999
236,5,6,,PEPEDUCREUX,"1,000 ",0,"1,000 "
237,5,15,,RAREPEPEFONZ,"1,000 ",0,"1,000 "
238,5,23,,CONFUSEDPEPE,"1,000 ",0,"1,000 "
239,5,32,,SENPAIPEPE,"1,000 ",0,"1,000 "
240,5,18,,PEPEANON,"1,337 ",0,"1,337 "
241,5,2,,SPESSMUHPEPE,"10,000 ",0,"10,000 "
242,5,14,,PEPESHROOMS,"10,000 ",0,"10,000 "
243,5,46,,PEPEGOLDRUSH,"10,000 ",0,"10,000 "
244,5,33,,MAKEPEPERARE,"100,000 ",0,"100,000 "
245,5,47,,PEPETRAIN,"13,000 ",0,"13,000 "
246,5,48,,FAIRPEPE,"2,000 ",0,"2,000 "
247,5,49,,TRAITORPEPE,"2,000 ",0,"2,000 "
248,5,19,,SARUTOBIPEPE,"5,000 ",0,"5,000 "
249,6,19,,PEPEPARADO,"6,000,000 ","1,899,891 ","4,100,109 "
250,6,32,,FIREASSPEPE,100,50,50
251,6,13,,ZOMBIEPEPES,"4,010,000,000 ",22,"4,009,999,978 "
252,6,5,,PEPETRADER,100,12,88
253,6,2,,LISKPPAPPEPE,100,0,100
254,6,6,,WANTEDPEPE,100,0,100
255,6,9,,PEPEASSANGE,100,0,100
256,6,10,,REYPEPE,100,0,100
257,6,11,,PEPEMONTOYA,100,0,100
258,6,12,,ROLLINGPEPE,100,0,100
259,6,16,,DAPPERPEPE,100,0,100
260,6,17,,FRACTALPEPE,100,0,100
261,6,22,,THEGODPEPE,100,0,100
262,6,23,,PEPESQRPANTS,100,0,100
263,6,27,,PEPESSANGE,100,0,100
264,6,30,,PEPEJOSE,100,0,100
265,6,33,,JACKOPEPE,100,0,100
266,6,36,,PEPEJAPAN,100,0,100
267,6,37,,THISISFINE,100,0,100
268,6,38,,DATPEPE,100,0,100
269,6,39,,NIGHTSATPEPE,100,0,100
270,6,48,,BURNPEPE,100,0,100
271,6,31,,PEEKABOOPEPE,109,0,109
272,6,14,,THEANCAPEPE,128,0,128
273,6,15,,PEPETACO,197,0,197
274,6,42,,LONGNOSEPEPE,199,0,199
275,6,40,,PEPENORRIS,200,0,200
276,6,50,,PEPEMARLEY,242,0,242
277,6,4,,BEACHPEPE,244,0,244
278,6,18,,SLIMERPEPE,250,0,250
279,6,41,,PEPECOWBELL,300,0,300
280,6,47,,PEPEGREEN,300,0,300
281,6,21,,PEPETARD,333,0,333
282,6,8,,BLOWPEPE,499,0,499
283,6,25,,THINPEPE,500,0,500
284,6,35,,PEPEBURN,500,0,500
285,6,3,,RETROPEPE,542,0,542
286,6,34,,PEPEBURNED,666,0,666
287,6,26,,PEPELEWINSKY,900,0,900
288,6,1,,SUCHSHARE,"1,000 ",0,"1,000 "
289,6,7,,QUEPASAPEPE,"1,000 ",0,"1,000 "
290,6,20,,PEPEME,"1,000 ",0,"1,000 "
291,6,24,,RPEPEGOJAIL,"1,000 ",0,"1,000 "
292,6,49,,QUEGUAYPEPE,"1,000 ",0,"1,000 "
293,6,29,,PEPEJOHNS,"1,223,112 ",0,"1,223,112 "
294,6,45,,PEPEZ,"1,927 ",0,"1,927 "
295,6,43,,PEPEGOTCHI,"10,000 ",0,"10,000 "
296,6,44,,INNOCOINBOT,"10,000 ",0,"10,000 "
297,6,28,,PEPETRADERS,"11,111 ",0,"11,111 "
298,6,46,,RAREPEPENEWS,"20,000,000 ",0,"20,000,000 "
299,7,4,,CULTOFPEPE,"100,000,000 ","25,000,000 ","75,000,000 "
300,7,15,,PEPERARE,100,70,30
301,7,3,,SECURITYPEPE,100,0,100
302,7,11,,WHERESPEPE,100,0,100
303,7,19,,PEPETHEFIRST,100,0,100
304,7,21,,PEPEHORROR,100,0,100
305,7,22,,PEPEVOORHEES,100,0,100
306,7,23,,COMEDYPEPE,100,0,100
307,7,27,,PEPECENT,100,0,100
308,7,32,,GAINSPEPE,100,0,100
309,7,38,,SHININGPEPE,100,0,100
310,7,39,,PEPA,100,0,100
311,7,13,,ULTRAPEPE,101,0,101
312,7,14,,NEOPEPE,101,0,101
313,7,33,,PEPETUITY,102,0,102
314,7,47,,ZZZZPEPE,109,0,109
315,7,41,,PEPETIME,112,0,112
316,7,26,,PEPEMANE,150,0,150
317,7,7,,PEPERACCOON,200,0,200
318,7,30,,PEPETODAMOON,200,0,200
319,7,43,,SGTPEPE,200,0,200
320,7,48,,MAOISMPEPE,216,0,216
321,7,6,,PEPECAMO,250,0,250
322,7,12,,BREATHEDPEPE,250,0,250
323,7,17,,PEPETHUGLIFE,265,0,265
324,7,24,,SIXTYSIXPEPE,299,0,299
325,7,2,,PEPEARTISTE,300,0,300
326,7,40,,ILOVEPEPE,300,0,300
327,7,46,,DRILLPEPE,599,0,599
328,7,29,,PEPEGRAVE,666,0,666
329,7,49,,BULLYPEPE,666,0,666
330,7,10,,PEPEDATA,750,0,750
331,7,28,,PEPETHETROLL,777,0,777
332,7,35,,FATPEPE,777,0,777
333,7,20,,ZOOKOPEPE,800,0,800
334,7,25,,MAOPEPE,888,0,888
335,7,18,,PARTYPEPE,950,0,950
336,7,45,,HANSEIPEPE,"1,000 ",0,"1,000 "
337,7,37,,PEPEZCASH,"1,000,105 ",0,"1,000,105 "
338,7,16,,WPPEPE,"1,337 ",0,"1,337 "
339,7,1,,PEPEADDICT,"1,800 ",0,"1,800 "
340,7,31,,PINHEADPEPE,"10,000 ",0,"10,000 "
341,7,44,,SHREMPEPE,"10,000 ",0,"10,000 "
342,7,9,,PEPEMOON,"10,222 ",0,"10,222 "
343,7,5,,PEPEKMONGO,"3,124,223 ",0,"3,124,223 "
344,7,36,,KIDPEPE,"31,072,009 ",0,"31,072,009 "
345,7,34,,NAPKINPEPE,"5,000 ",0,"5,000 "
346,7,8,,PEPEFREEZE,"5,128 ",0,"5,128 "
347,7,42,,PEPETREZOR,"9,999 ",0,"9,999 "
348,7,50,,XMASPEPE,"9,999 ",0,"9,999 "
349,8,43,,GIVEKUDOS,"100,000,000,000 ","3,825 ","99,999,996,175 "
350,8,22,,PEPEMARAUDER,192,100,92
351,8,6,,RELAXPEPE,100,51,49
352,8,17,,MATADORPEPE,100,40,60
353,8,45,,BERNIEPEPE,"1,889 ",1,"1,888 "
354,8,10,,GOSPELPEPE,100,0,100
355,8,12,,RELATEPEPE,100,0,100
356,8,13,,BONDPEPE,100,0,100
357,8,15,,MONTYPEPE,100,0,100
358,8,16,,KEKET,100,0,100
359,8,18,,PICASSOPEPE,100,0,100
360,8,20,,PEPENUMA,100,0,100
361,8,23,,VANGOUGHPEPE,100,0,100
362,8,26,,MATISSEPEPE,100,0,100
363,8,27,,DALIPEPE,100,0,100
364,8,28,,PEPEJIRAIYA,100,0,100
365,8,31,,MIROPEPE,100,0,100
366,8,38,,JOELOONEYBIN,100,0,100
367,8,44,,LAUTRECPEPE,100,0,100
368,8,47,,SURFINGPEPE,100,0,100
369,8,48,,KUNISADAPEPE,100,0,100
370,8,21,,XMASANTAPEPE,109,0,109
371,8,36,,SECRETPEPE,109,0,109
372,8,9,,PEPESITO,127,0,127
373,8,49,,TRUMPEPE,133,0,133
374,8,41,,PEPERICH,150,0,150
375,8,7,,PWAPWAPWAPWA,187,0,187
376,8,19,,SAMURAIPEPE,200,0,200
377,8,24,,PEPELAND,200,0,200
378,8,33,,PEPELENNON,200,0,200
379,8,42,,PEPEHELP,200,0,200
380,8,8,,MYRIADMPEPE,216,0,216
381,8,14,,WHEELOFPEPE,234,0,234
382,8,50,,PEPETANGCLAN,360,0,360
383,8,4,,FUNPEPE,386,0,386
384,8,5,,RPCAGENT,500,0,500
385,8,11,,PEPETHEFROG,600,0,600
386,8,32,,PEPERUS,600,0,600
387,8,29,,NEWYEARPEPE,777,0,777
388,8,30,,FRIENDSPEPE,999,0,999
389,8,40,,PEPERFUME,"1,883 ",0,"1,883 "
390,8,1,,PEPETSHIRT,"10,000 ",0,"10,000 "
391,8,2,,GOTPEPESHIRT,"10,000 ",0,"10,000 "
392,8,35,,BOSSHOGPEPE,"10,000 ",0,"10,000 "
393,8,39,,CLASSICPEPE,"10,000 ",0,"10,000 "
394,8,34,,PEPESTRANGE,"100,000 ",0,"100,000 "
395,8,46,,TAKARAPEPE,"2,100 ",0,"2,100 "
396,8,3,,ECCEPEPE,"3,000 ",0,"3,000 "
397,8,25,,PROUDPEPEWIN,"3,000 ",0,"3,000 "
398,8,37,,MASTROPEPE,"3,000 ",0,"3,000 "
399,9,36,,TESTNETPEPE,"1,000,000,000 ","85,555,559 ","914,444,441 "
400,9,5,,PEPETUNADE,100,0,100
401,9,7,,PEPEPOOR,100,0,100
402,9,9,,PEPEPSI,100,0,100
403,9,16,,PEPEOROCHI,100,0,100
404,9,18,,RPEPERAMI,100,0,100
405,9,20,,MURICAPEPE,100,0,100
406,9,26,,JAKETHEPEPE,100,0,100
407,9,30,,TIMEPEPE,100,0,100
408,9,37,,LEPEWPEPE,100,0,100
409,9,39,,RICHPEPEPOOR,100,0,100
410,9,41,,UKIPEPE,100,0,100
411,9,43,,MTPEPEMORE,100,0,100
412,9,44,,HARRYPEPES,100,0,100
413,9,46,,VOLDEPEPE,100,0,100
414,9,48,,RADIOPEPE,100,0,100
415,9,49,,PEPEHOUSE,100,0,100
416,9,6,,RUBBERPEPE,101,0,101
417,9,12,,PEPESPACE,102,0,102
418,9,19,,STORYPEPE,111,0,111
419,9,40,,PEPEMILEY,111,0,111
420,9,25,,CUBEPEPE,128,0,128
421,9,3,,STEALPEPE,144,0,144
422,9,11,,MANDELPEPE,150,0,150
423,9,32,,MASTEROFPEPE,201,0,201
424,9,35,,MAPEPENEMR,216,0,216
425,9,38,,OSKARPEPE,250,0,250
426,9,23,,PEPEGANDHI,300,0,300
427,9,50,,CICACOINPEPE,300,0,300
428,9,14,,DDDPEPE,333,0,333
429,9,13,,PREPEDATOR,444,0,444
430,9,10,,PPKING,666,0,666
431,9,21,,PEPOCALYPSE,666,0,666
432,9,22,,SCORPEPE,666,0,666
433,9,47,,PEPERRR,999,0,999
434,9,15,,SNAPCHATPEPE,"1,000,000,000 ",0,"1,000,000,000 "
435,9,17,,SANTAPEPE,"1,225 ",0,"1,225 "
436,9,2,,PEPENACCI,"1,618 ",0,"1,618 "
437,9,27,,PEPETRON,"1,982 ",0,"1,982 "
438,9,24,,PEPEDEX,"10,000 ",0,"10,000 "
439,9,34,,RAREPEPEPRTY,"100,000 ",0,"100,000 "
440,9,28,,JOINTPEPE,"21,000 ",0,"21,000 "
441,9,4,,THEPEPE,"21,000,000 ",0,"21,000,000 "
442,9,42,,RAREPEPEPUMP,"22,000,000 ",0,"22,000,000 "
443,9,31,,STANDINGPEPE,"370,000,000 ",0,"370,000,000 "
444,9,1,,SNOWDENPEPE,"40,320 ",0,"40,320 "
445,9,8,,TERRIBLEPEPE,"500,000 ",0,"500,000 "
446,9,29,,BITGIRLPEPE,"7,777 ",0,"7,777 "
447,9,33,,DRONEPEPE,"999,999 ",0,"999,999 "
448,9,45,,PPLNMDNTNY,"999,999 ",0,"999,999 "
449,10,1,,PEPEREPUBLIC,"1,000,000,000,000 ","47,230,777,800 ","952,769,222,200 "
450,10,27,,PEPEDOTCOM,"10,000 ",9904,96
451,10,7,,BLKSWANPEPE,"100,000 ",1244,"98,756 "
452,10,3,,MAOZEPEPE,108,90,18
453,10,33,,BLAINEPEPE,100,75,25
454,10,16,,PEPEBRICK,101,68,33
455,10,19,,REVOLUCIONAR,101,67,34
456,10,9,,PROOFOFPEPE,100,50,50
457,10,15,,TAJPEPE,150,40,110
458,10,30,,RPDF,500,8,492
459,10,31,,WNPEPEPEPEPE,"2,000,000 ",1,"1,999,999 "
460,10,2,,BOYSCLUBPEPE,100,0,100
461,10,4,,RUBEUSPEPE,100,0,100
462,10,8,,DUMBLEPEPE,100,0,100
463,10,18,,BTCPEPE,100,0,100
464,10,24,,LIKEPEPEBRO,100,0,100
465,10,37,,PEPELOU,100,0,100
466,10,38,,PEEPHOLEPEPE,100,0,100
467,10,44,,PEPEASTRO,100,0,100
468,10,41,,VONPEPEHAYEK,101,0,101
469,10,28,,SITHLORDPEPE,105,0,105
470,10,23,,PEPEALIEN,108,0,108
471,10,34,,SUPERMANPEPE,111,0,111
472,10,42,,BATMANPEPE,111,0,111
473,10,47,,SPIDERMNPEPE,111,0,111
474,10,20,,PEPEWEST,125,0,125
475,10,13,,SKIINGPEPE,150,0,150
476,10,21,,BRIGHTONPEPE,150,0,150
477,10,43,,JMPEPEKEYNES,275,0,275
478,10,25,,PEPEHUNGRY,300,0,300
479,10,29,,PEPECONF,300,0,300
480,10,45,,PIGPEPE,300,0,300
481,10,48,,THELASTPEPE,300,0,300
482,10,10,,PEPECITY,350,0,350
483,10,36,,PEPEMAXAF,"1,000 ",0,"1,000 "
484,10,46,,PEPESOUP,"1,000 ",0,"1,000 "
485,10,22,,TOMANDPEPE,"1,000,000 ",0,"1,000,000 "
486,10,12,,ICQPEPE,"1,001 ",0,"1,001 "
487,10,40,,CRYPTOPEPE,"1,099 ",0,"1,099 "
488,10,14,,WINSTONPEPE,"1,965 ",0,"1,965 "
489,10,11,,PEPEBUCKS,"1,971 ",0,"1,971 "
490,10,17,,BANKRUPTPEPE,"10,000 ",0,"10,000 "
491,10,26,,EYETESTPEPE,"100,000 ",0,"100,000 "
492,10,5,,LOVEISPEPE,"247,365 ",0,"247,365 "
493,10,50,,DOCTORPEPE,"25,000 ",0,"25,000 "
494,10,49,,NYANPEPE,"4,200 ",0,"4,200 "
495,10,32,,PEPENUKES,"5,000 ",0,"5,000 "
496,10,39,,ELEVATORPEPE,"51,200 ",0,"51,200 "
497,10,6,,PEPELYN,"999,999 ",0,"999,999 "
498,10,35,,PHILANTHROPE,"999,999 ",0,"999,999 "
499,11,35,,DOLLARPEPE,10000 ,4000,6000
500,11,12,,KEKUI,200,175,25
501,11,31,,RARESHADILAY,1986 ,68,1918
502,11,32,,PEPESMALLS,1000 ,52,948
503,11,49,,PEPEENEUMAN,256,9,247
504,11,3,,FREEMYPEPE,100,0,100
505,11,5,,PEPEMARIOLR,100,0,100
506,11,7,,PEPEMONROE,100,0,100
507,11,8,,CHIKUNPEPE,100,0,100
508,11,10,,PEPELAMBO,100,0,100
509,11,19,,PEPERIDER,100,0,100
510,11,26,,PEPEFATHER,100,0,100
511,11,36,,SOCRATESPEPE,100,0,100
512,11,47,,PEPEKART,100,0,100
513,11,28,,EXCLUPEPE,101,0,101
514,11,17,,PEPEBILL,103,0,103
515,11,21,,LORDSHIVA,110,0,110
516,11,30,,VICEPEPE,111,0,111
517,11,34,,HULKPEPE,111,0,111
518,11,1,,PEPELYNMASON,169,0,169
519,11,18,,PEPEBIRTH,169,0,169
520,11,37,,DORAETROLL,169,0,169
521,11,41,,WIREDPEPE,199,0,199
522,11,33,,PEPEMEETUPBK,400,0,400
523,11,27,,POWERTOPEPE,420,0,420
524,11,20,,PEPECAPCHA,444,0,444
525,11,24,,NOBRAKESPEPE,444,0,444
526,11,29,,PEPEFIFTYONE,451,0,451
527,11,4,,RAREIVANKA,500,0,500
528,11,11,,PEPEOUTSIDE,500,0,500
529,11,16,,LEGOPEPE,500,0,500
530,11,50,,BADHAIRDAY,500,0,500
531,11,23,,PEPEFROMHELL,666,0,666
532,11,42,,PEPESTARBOY,777,0,777
533,11,48,,PEPELEVICH,888,0,888
534,11,2,,PEPETRODOL,1000 ,0,1000
535,11,22,,MARSPEPE,1000 ,0,1000
536,11,38,,PEPESCIENCE,1000 ,0,1000
537,11,40,,PEPELEO,1000 ,0,1000
538,11,45,,PEPEXIT,1000 ,0,1000
539,11,14,,PEPEPONY,1337 ,0,1337
540,11,9,,THEPEPELIST,1500 ,0,1500
541,11,25,,TODAMOONPEPE,1737 ,0,1737
542,11,13,,SPHINXPEPE,4200 ,0,4200
543,11,15,,PEPEWICKED,"6,666 ",0,6666
544,11,39,,PEPETINDER,6969 ,0,6969
545,11,44,,PEPEPRINGLES,99999 ,0,99999
546,11,43,,PORPEPELAMBO,100000 ,0,100000
547,11,46,,CSAT,100000 ,0,100000
548,12,44,,COLDPEPE,286,250,36
549,12,18,,TREEOFPEPE,1000,100,900
550,12,29,,PEPEJOBS,100,50,50
551,12,31,,PEPELEFTLEG,55555,20,55535
552,12,49,,RAGZTOPEPE,420,1,419
553,12,9,,KARTANDPEPE,100,0,100
554,12,30,,PEPESCAVHUNT,100,0,100
555,12,33,,PAPILLON,100,0,100
556,12,35,,PEPONG,100,0,100
557,12,37,,USMCPEPE,100,0,100
558,12,38,,GRAFFITIPEPE,100,0,100
559,12,39,,SHREKPEPE,100,0,100
560,12,45,,LORDOFMEMES,100,0,100
561,12,27,,XPEPE,111,0,111
562,12,3,,PEPEISLOVE,143,0,143
563,12,50,,PEPEISPEACE,143,0,143
564,12,16,,PEPERGRIFFIN,169,0,169
565,12,46,,IRONPEPE,169,0,169
566,12,12,,DOSPEPES,222,0,222
567,12,8,,PEPEPIRATE,250,0,250
568,12,26,,IWANTTOPEPE,250,0,250
569,12,4,,CROPPEPE,300,0,300
570,12,15,,GOTHICPEPE,300,0,300
571,12,23,,MIRACLEPEPE,300,0,300
572,12,32,,PEPETHAGORAS,345,0,345
573,12,28,,PEPEBRANDO,350,0,350
574,12,20,,PYTHONPEPE,420,0,420
575,12,36,,NINJAPEPES,420,0,420
576,12,42,,MONOPEPEOLY,500,0,500
577,12,14,,PEPEGLOBE,550,0,550
578,12,47,,THISPEPE,666,0,666
579,12,1,,SOUNDOFPEPE,1000,0,1000
580,12,5,,DIAVOLO,1000,0,1000
581,12,11,,PEPEGOLDBAR,1000,0,1000
582,12,19,,GOKUPEPE,1000,0,1000
583,12,22,,PEPECOASTER,1000,0,1000
584,12,41,,PEPECCOLO,1000,0,1000
585,12,48,,DROPPEPE,1000,0,1000
586,12,13,,PEPEGROOT,1337,0,1337
587,12,17,,PEPENEWTON,1687,0,1687
588,12,21,,PEPEYE,1929,0,1929
589,12,2,,SHEMANPEPE,1983,0,1983
590,12,40,,PEPEDUROV,1984,0,1984
591,12,24,,BATBUTBOO,2000,0,2000
592,12,25,,OLYMPICPEPE,2008,0,2008
593,12,6,,PACPEPE,8888,0,8888
594,12,7,,EARTHPEPE,10000,0,10000
595,12,10,,RPDUMPSTER,10000,0,10000
596,12,43,,PEPEOTHERLEG,55555,0,55555
597,12,34,,PEPETIP,99999,0,99999
598,13,25,,PEPEMCLOVIN,10000,9401,599
599,13,46,,GODDESSHEQET,100,95,5
600,13,17,,MCPEPESCHER,1898,65,1833
601,13,23,,SALVADORPEPE,103,43,60
602,13,6,,PLATINUMPEPE,100,7,93
603,13,47,,STARLORDKEK,250,1,249
604,13,9,,PEPEKARLMARX,100,0,100
605,13,13,,PEPEFLATION,100,0,100
606,13,27,,CRYSTALPEPE,100,0,100
607,13,28,,SHIALEBPEPE,100,0,100
608,13,29,,PEPEOLDCHAP,100,0,100
609,13,31,,PEPITCHY,100,0,100
610,13,35,,FINNTHEPEPE,100,0,100
611,13,43,,PEPEHEPBURN,100,0,100
612,13,49,,PEPEFLESH,100,0,100
613,13,24,,LORDGLEN,110,0,110
614,13,19,,IRONMANPEPE,111,0,111
615,13,44,,MEMETICMAGIC,111,0,111
616,13,18,,TEAPEPE,112,0,112
617,13,48,,MARTYPEPFLY,121,0,121
618,13,50,,PEPEMORPHS,142,0,142
619,13,22,,KEKSBASILISK,144,0,144
620,13,21,,PEPEBREAKUP,150,0,150
621,13,26,,PEPEWOKE,150,0,150
622,13,45,,PEPEMACARONI,150,0,150
623,13,34,,PEPEGLOVER,200,0,200
624,13,4,,JINQIANSHU,300,0,300
625,13,10,,NAPALMPEPE,300,0,300
626,13,16,,TWEEKPEPE,333,0,333
627,13,15,,PEPECOLLECT,400,0,400
628,13,37,,CUBANPEPE,444,0,444
629,13,38,,PEPEPUNCHOUT,500,0,500
630,13,30,,PEPUNCONFIRM,555,0,555
631,13,11,,PEPEDRAKE,777,0,777
632,13,42,,BEWPEPE,900,0,900
633,13,2,,PEPETEX,1000,0,1000
634,13,3,,LETSTALKKEK,1000,0,1000
635,13,20,,CNPEPE,1000,0,1000
636,13,32,,PEPEKIM,1000,0,1000
637,13,33,,MEMPOOLPEPE,1000,0,1000
638,13,36,,DRSTRNGEPEPE,1000,0,1000
639,13,39,,WISEPEPE,1000,0,1000
640,13,5,,SATURDAYPEPE,5000,0,5000
641,13,7,,PEPEAMD,7950,0,7950
642,13,8,,HANGINPEPE,10000,0,10000
643,13,12,,MINIONPEPE,10000,0,10000
644,13,14,,RAREPEPEMAG,10000,0,10000
645,13,41,,PEPELEMMING,10000,0,10000
646,13,40,,BUDDHAPEPES,91337,0,91337
647,13,1,,PEPEPASSPORT,100000,0,100000
648,14,16,,PSYCHEPEPE,666,370,296
649,14,33,,GODDESSISIS,100,96,4
650,14,19,,PEPENORMIES,169,71,98
651,14,22,,NEEDPEPE,100,10,90
652,14,11,,RICHPEPE,100000,2,99998
653,14,14,,PEPEVIRAL,123,1,122
654,14,44,,RESERVPEPES,1000,0,1
655,14,1,,JUSTINTPEPE,100,0,100
656,14,3,,PEPESTONED,100,0,100
657,14,15,,PEPENAPOLEON,100,0,100
658,14,18,,DEEZPEPENUTS,100,0,100
659,14,26,,PEPEOTHERARM,100,0,100
660,14,30,,PEPEIMPOSTOR,100,0,100
661,14,35,,PEPEVICH,100,0,100
662,14,41,,PEPERAMBO,100,0,100
663,14,42,,PEPEMOVIE,100,0,100
664,14,45,,FUTURESPEPE,100,0,100
665,14,49,,BOGDAPEPE,100,0,100
666,14,50,,THEPEPEWHALE,100,0,100
667,14,27,,TUBBIES,103,0,103
668,14,7,,MFPEPE,111,0,111
669,14,48,,CPTMRICAPEPE,111,0,111
670,14,8,,KEKPEPE,117,0,117
671,14,24,,NEONFROGS,119,0,119
672,14,28,,PEPEDAVID,150,0,150
673,14,40,,FORBIDENPEPE,150,0,150
674,14,21,,STATUEOFPEPE,151,0,151
675,14,38,,GAIUSPEPEUS,222,0,222
676,14,5,,PEPERAZZIS,300,0,300
677,14,46,,PEPEPYRAMID,333,0,333
678,14,25,,PEPEWAVE,420,0,420
679,14,47,,PEPELOOP,444,0,444
680,14,6,,SUPAPEPE,555,0,555
681,14,4,,PROBLEMSOLVE,700,0,700
682,14,23,,FLAPPYPEPE,747,0,747
683,14,10,,DANKVADER,777,0,777
684,14,29,,HOLYPEPE,777,0,777
685,14,17,,LEVELUPPEPE,1000,0,1000
686,14,31,,CHOCOPEPE,1000,0,1000
687,14,9,,FISHERPEPE,1337,0,1337
688,14,37,,PEPERETRO,1337,0,1337
689,14,39,,CARCRASHPEPE,1500,0,1500
690,14,20,,PEPEREQUEST,2000,0,2000
691,14,32,,PEPEPAWNSHOP,2000,0,2000
692,14,12,,PEPEHUANA,4200,0,4200
693,14,13,,YOGAPEPE,10000,0,10000
694,14,43,,PEPEVINCI,16180,0,16180
695,14,2,,PEPERIGHTARM,55555,0,55555
696,14,34,,FAKERPEPE,100000,0,100000
697,14,36,,PEPEKEKCOIN,100000,0,100000
698,15,47,,PEPESWITCH,10000,600,9400
699,15,20,,PPPGLOBAL,500,250,250
700,15,38,,GODAMUNRA,100,98,2
701,15,17,,GODANUBIS,100,96,4
702,15,44,,LEGENDOFPEPE,333,11,322
703,15,49,,RAREKEKUIT,177,7,170
704,15,11,,RAREDIETIES,777,7,770
705,15,6,,PEPETOWN,1000,1,999
706,15,15,,HANNIBALPEPE,1169,1,1168
707,15,1,,PEPEILLUSION,100,0,100
708,15,2,,GEISHAPEPE,100,0,100
709,15,10,,FLUFFYPEPES,100,0,100
710,15,32,,PEPEGAMBIT,100,0,100
711,15,39,,PEPEWANTSYOU,100,0,100
712,15,28,,DOUBLEPEPE,101,0,101
713,15,9,,PEPEPAMPERS,103,0,103
714,15,48,,SMUGPEPE,103,0,103
715,15,42,,PEPEWATTS,108,0,108
716,15,24,,ZOETROPEPE,123,0,123
717,15,37,,PEPEANDFEELS,123,0,123
718,15,43,,MCPEPEDEBUFF,123,0,123
719,15,3,,GAUDISPEPE,125,0,125
720,15,21,,PEPECLUB,134,0,134
721,15,13,,KEYBOARDPEPE,150,0,150
722,15,45,,MYPEPELITTLE,169,0,169
723,15,23,,PEPEBERLUSCA,177,0,177
724,15,33,,PEPEGOLUM,180,0,180
725,15,26,,PEPEDIEPIE,234,0,234
726,15,18,,PEPELANDER,250,0,250
727,15,50,,THREEDPEPE,300,0,300
728,15,25,,GRANDPEPE,333,0,333
729,15,31,,PEPEART,333,0,333
730,15,35,,PEPECREAM,333,0,333
731,15,41,,KOIPEPE,380,0,380
732,15,34,,PEPEBRICKJR,400,0,400
733,15,14,,PEPERBOY,500,0,500
734,15,30,,PEPETRASH,550,0,550
735,15,22,,PLINKOPEPE,600,0,600
736,15,8,,STAMPOFKEK,777,0,777
737,15,29,,PEPETRAZ,800,0,800
738,15,36,,MOAIPEPE,1000,0,1000
739,15,19,,PEPEJONES,1214,0,1214
740,15,7,,PEPENIKOLAI,1500,0,1500
741,15,12,,NICOLAPEPE,1856,0,1856
742,15,27,,SPCPEPEWOJAK,1961,0,1961
743,15,4,,KATYPEPE,3333,0,3333
744,15,16,,PEPEANGRY,5000,0,5000
745,15,40,,THREEPEPES,91337,0,91337
746,15,46,,PEPEADDAMS,91337,0,91337
747,15,5,,PEPEFREEDOM,100000,0,100000
748,16,14,,RAREWOLFPEPE,307,7,300
749,16,42,,PEPERECHAUN,777,7,770
750,16,1,,CLCKWRKGREEN,1000,1,999
751,16,2,,CANTDRAWPEPE,100,0,100
752,16,16,,MRPOTATOPEPE,100,0,100
753,16,27,,BOFPEPE,100,0,100
754,16,47,,ZENAFPEPE,100,0,100
755,16,13,,KNITTEDPEPE,101,0,101
756,16,30,,PEPEGODDESS,108,0,108
757,16,41,,PEPESUPREME,111,0,111
758,16,20,,PEPEPILLOW,121,0,121
759,16,4,,PEPEKIDSART,123,0,123
760,16,48,,ILLIDANPEPE,125,0,125
761,16,49,,BANDAGEDPEPE,135,0,135
762,16,43,,PEPEMAORI,170,0,170
763,16,5,,PEPESKELETON,180,0,180
764,16,46,,OWLPEPE,180,0,180
765,16,31,,TWOPLYPEPE,193,0,193
766,16,28,,PEPESHELDON,200,0,200
767,16,33,,WESTERNPEPE,200,0,200
768,16,44,,PEPEPOOL,200,0,200
769,16,45,,GRANDPEPES,200,0,200
770,16,26,,MADMAXPEPE,225,0,225
771,16,12,,PEPESCHEME,236,0,236
772,16,35,,BEHAPPYPEPE,236,0,236
773,16,23,,PEPEGOTSWAG,250,0,250
774,16,9,,SOLODADPEPE,274,0,274
775,16,3,,SEAPEPE,300,0,300
776,16,7,,GREEDYPEPES,300,0,300
777,16,21,,DOGEVSPEPE,300,0,300
778,16,22,,VEGGIEPEPE,300,0,300
779,16,25,,PUZZLEPEPE,300,0,300
780,16,32,,RARESLIMPEPE,300,0,300
781,16,40,,GENIEPEPE,300,0,300
782,16,50,,PISFORPEPE,333,0,333
783,16,24,,PEPEBASQUIAT,391,0,391
784,16,29,,THINKINGPEPE,420,0,420
785,16,6,,PEPERREVENGE,500,0,500
786,16,39,,PEPENOSAURUS,500,0,500
787,16,8,,ROCKINGPEPE,1000,0,1000
788,16,15,,PEPEFLECTION,1000,0,1000
789,16,19,,PERAPPA,1000,0,1000
790,16,36,,SEXAYEPEPE,1000,0,1000
791,16,37,,SAVEPEPE,1000,0,1000
792,16,38,,TRUMPWALL,1070,0,1070
793,16,11,,PEPEPARADISE,1337,0,1337
794,16,17,,PEPEAXEGANG,1921,0,1921
795,16,10,,YOUCANPEPE,2000,0,2000
796,16,18,,SERVALPEPE,3333,0,3333
797,16,34,,MEDICINEPEPE,91337,0,91337
798,17,7,,HICKSPEPE,1994,100,1894
799,17,47,,KEKRELOADED,777,70,707
800,17,3,,RARELORDKEK,777,7,770
801,17,42,,FRATPEPE,1991,1,1990
802,17,2,,PEPERANGER,100,0,100
803,17,14,,PEPERIVETER,100,0,100
804,17,17,,MOONWAVEPEPE,100,0,100
805,17,39,,FIGHTPEPE,100,0,100
806,17,43,,MODERNPEPE,100,0,100
807,17,22,,RUNTHEPEPE,101,0,101
808,17,46,,PEPEHOFFMAN,101,0,101
809,17,35,,THEPEPEKISS,103,0,103
810,17,11,,KAPPAPEPE,108,0,108
811,17,28,,PEPEDHARMA,108,0,108
812,17,12,,PEPEDWARD,110,0,110
813,17,5,,TRINITYPEPE,111,0,111
814,17,21,,BENDERPEPE,111,0,111
815,17,4,,PEPEROYAL,123,0,123
816,17,40,,HEKET,128,0,128
817,17,38,,PEPEUNIVERSE,150,0,150
818,17,27,,SEGWITPEPE,160,0,160
819,17,48,,WARRIORPEPE,200,0,200
820,17,50,,BULBAPEPECRD,200,0,200
821,17,36,,FRENCHPEPE,222,0,222
822,17,49,,BILLNTEDPEPE,255,0,255
823,17,8,,ROBOTPEPE,276,0,276
824,17,23,,FULLMETALPEP,297,0,297
825,17,9,,NMPPEPE,300,0,300
826,17,32,,PEPEKEEPER,333,0,333
827,17,24,,LEDZEPEPELIN,400,0,400
828,17,18,,PEPESTYLE,420,0,420
829,17,30,,PEPEFREQ,432,0,432
830,17,26,,BBAEPEPE,450,0,450
831,17,16,,ULTIMATEPEPE,500,0,500
832,17,25,,THEVERYPEPE,500,0,500
833,17,45,,PEPEHARDTALK,500,0,500
834,17,13,,KEKVSMOLOCH,777,0,777
835,17,10,,MISSPEPE,1000,0,1000
836,17,29,,SMUGCHIPS,1000,0,1000
837,17,34,,VENUSPEPE,1000,0,1000
838,17,1,,RESURKEKTION,1337,0,1337
839,17,6,,GOODNITEPEPE,1500,0,1500
840,17,31,,MORNINGPEPE,1500,0,1500
841,17,44,,GNUPEPE,1500,0,1500
842,17,37,,PEPEGUEVARA,1967,0,1967
843,17,20,,PEPESPIDER,3000,0,3000
844,17,33,,BADLTPEPE,5000,0,5000
845,17,41,,HWNDUPEPE,7777,0,7777
846,17,19,,QBITSPEPE,11111,0,11111
847,17,15,,MEMESTEALER,40000,0,40000
848,18,26,,KEKWAVE,8888,3888,5000
849,18,2,,STITCHESPEPE,15554,1000,14554
850,18,1,,LEIAPEPE,100,0,100
851,18,4,,LUPEPEN,100,0,100
852,18,15,,SPIRITPEPE,100,0,100
853,18,16,,PEPEVOLUTION,100,0,100
854,18,28,,PUREPEPE,100,0,100
855,18,33,,HIPPIEPEPE,100,0,100
856,18,50,,PEPEMARKET,100,0,100
857,18,49,,PEPERUSSIAN,101,0,101
858,18,13,,PEPEGAIA,108,0,108
859,18,47,,PEPEACE,110,0,110
860,18,24,,LIBERPEPE,111,0,111
861,18,12,,CRUSADERPEPE,122,0,122
862,18,39,,MELANCHOLIA,132,0,132
863,18,41,,PEPEAMCANI,168,0,168
864,18,27,,PEPETERROR,180,0,180
865,18,20,,OBEYPEPE,191,0,191
866,18,8,,PEPEMINO,200,0,200
867,18,10,,PEPEKYRIE,200,0,200
868,18,22,,PEPEDZILLA,200,0,200
869,18,31,,BADASSPEPE,300,0,300
870,18,23,,MERKLETREEPE,333,0,333
871,18,43,,WITCHBLADE,333,0,333
872,18,19,,KEKTOPUS,358,0,358
873,18,7,,DRDIRTYPEPE,400,0,400
874,18,37,,SEGWTPEPE,400,0,400
875,18,21,,ERDOPEPEGAN,414,0,414
876,18,5,,PEPECHAININ,420,0,420
877,18,18,,PEPEBEARD,500,0,500
878,18,11,,SMITHPEPE,999,0,999
879,18,3,,TOWEROFPEPE,1173,0,1173
880,18,14,,PEPEDOTS,1234,0,1234
881,18,35,,YETIPEPE,1921,0,1921
882,18,9,,BOYZIIPEPE,1989,0,1989
883,18,6,,PEPEOMUERTE,2016,0,2016
884,18,40,,PEPEMOMWRATH,2400,0,2400
885,18,45,,PEPEATARI,2600,0,2600
886,18,17,,PEPI,3141,0,3141
887,18,29,,RARESPURDO,4444,0,4444
888,18,32,,PEPEARCHER,6000,0,6000
889,18,44,,PEPENGHTMUM,6000,0,6000
890,18,46,,PEPERAGEQUIT,22000,0,22000
891,18,30,,NINEFIVEPEPA,25000,0,25000
892,18,48,,PEPERSEXUAL,27000,0,27000
893,18,34,,PEPEBACKPACK,29000,0,29000
894,18,25,,BTFDPEPE,29656,0,29656
895,18,42,,PEPENITOR,40000,0,40000
896,18,36,,PEPEJUGGLER,44000,0,44000
897,18,38,,PEPEMEMECARD,45000,0,45000
898,19,25,,PEPECHPLGHTR,89200,44600,44600
899,19,47,,PEPEHIGHTOWR,100,0,100
900,19,42,,MNTNDWRVSMNG,200,0,200
901,19,46,,PEPEBROKEBU,200,0,200
902,19,49,,PEPEBEARWHLE,250,0,250
903,19,48,,VSTRSSLBRTCH,300,0,300
904,19,43,,TWNOFEVNGLST,350,0,350
905,19,50,,PEPEASYSQUEZ,450,0,450
906,19,41,,PIMENTOLOAF,500,0,500
907,19,45,,BLKCHNJESUS,500,0,500
908,19,44,,BTTLFTHESUBS,600,0,600
909,19,13,,PEPEGUITAR,900,0,900
910,19,15,,PEPERSSNRLTT,1200,0,1200
911,19,21,,SHADEPEPE,1500,0,1500
912,19,36,,PEPESPRAY,1500,0,1500
913,19,26,,PEPEDEALWTHT,2000,0,2000
914,19,16,,PEPESKATES,2500,0,2500
915,19,30,,PEPEISOTTO,2500,0,2500
916,19,2,,PEPEASTRONAT,2560,0,2560
917,19,37,,PEPEZENMSTR,3000,0,3000
918,19,29,,PEPEHELTEACH,3400,0,3400
919,19,31,,PEPEJUDGE,4000,0,4000
920,19,35,,PEPESCUBA,4500,0,4500
921,19,40,,PEPEBRELLA,4500,0,4500
922,19,22,,PEPEAUDIOPHL,5000,0,5000
923,19,19,,PEPESYRINGE,5500,0,5500
924,19,33,,PEPEORACLE,5500,0,5500
925,19,20,,PEPEXMASBOY,7000,0,7000
926,19,39,,PEPEFOCUSED,7000,0,7000
927,19,24,,PEPEBUSYFLOR,8700,0,8700
928,19,4,,PEPEBROOM,12000,0,12000
929,19,10,,PEPEGOTTIME,12000,0,12000
930,19,18,,PEPEMPTYWLLT,12000,0,12000
931,19,28,,PEPEGAPHONE,12000,0,12000
932,19,6,,PEPEDABOMB,12500,0,12500
933,19,34,,PEPERATATATT,12500,0,12500
934,19,8,,PEPEGOODY,14000,0,14000
935,19,9,,PEPEGOTSICK,16000,0,16000
936,19,32,,PEPENUT,16000,0,16000
937,19,23,,PEPEBRARIAN,18000,0,18000
938,19,7,,PEPEFLORIST,20000,0,20000
939,19,14,,PEPEMIRROR,22000,0,22000
940,19,3,,PEPEBGDWORK,23000,0,23000
941,19,27,,PEPEFUDUP,25000,0,25000
942,19,17,,PEPECAKEFACE,31000,0,31000
943,19,5,,PEPECAMERA,32000,0,32000
944,19,12,,PEPEBUCKET,32000,0,32000
945,19,11,,PEPEISNUBLK,35000,0,35000
946,19,1,,CMNWRKRPEPE,51200,0,51200
947,19,38,,SOLDATPEPE,51200,0,51200
948,20,49,,CHUNRIPEPE,500,399,101
949,20,36,,GODALIEN,100,99,1
950,20,2,,ERISPEPE,111,4,107
951,20,8,,JIHANWU,100,1,99
952,20,6,,PEPENOFF,100,0,100
953,20,14,,PEPELAMA,100,0,100
954,20,17,,PEPECANCAN,100,0,100
955,20,28,,PEPEHONDO,100,0,100
956,20,34,,PEPENIETZSCH,100,0,100
957,20,41,,STACYPEPE,100,0,100
958,20,42,,PEPEJOANARC,100,0,100
959,20,24,,NEUROPEPE,111,0,111
960,20,26,,PEPECONCERT,111,0,111
961,20,33,,RANDOMPEPE,111,0,111
962,20,22,,PEPEKEK,117,0,117
963,20,44,,CANNONPEPE,121,0,121
964,20,40,,PEPEPUMPETTE,123,0,123
965,20,11,,MIDIPEPE,128,0,128
966,20,39,,KEKUIT,134,0,134
967,20,10,,PEPEISUNITY,143,0,143
968,20,37,,THEPEPEZONE,169,0,169
969,20,25,,GUESSWHATPEP,199,0,199
970,20,1,,PEPESHKRELI,222,0,222
971,20,5,,PEPEXILE,300,0,300
972,20,16,,VAPORMAGIC,300,0,300
973,20,18,,PEPEHODLER,300,0,300
974,20,45,,PEPEDON,300,0,300
975,20,48,,PEPEFRENCH,300,0,300
976,20,23,,THREERARE,333,0,333
977,20,20,,DEEPWEBPEPE,500,0,500
978,20,50,,FEELSGOODMAN,500,0,500
979,20,31,,PEPERMAID,555,0,555
980,20,47,,PEPEBALT,600,0,600
981,20,13,,YAMATOPEPE,777,0,777
982,20,15,,JOKERPEPEKEK,777,0,777
983,20,32,,PEPEAUCTIOND,1000,0,1000
984,20,35,,ONEPUNCHPEPE,1000,0,1000
985,20,43,,PEPEZIO,1000,0,1000
986,20,30,,THEJOYOFPEPE,1169,0,1169
987,20,27,,MARIACHIPEPE,1848,0,1848
988,20,21,,PEPEZILLA,1954,0,1954
989,20,19,,NULLCPEPE,2000,0,2000
990,20,7,,DOKUGANPEPE,3333,0,3333
991,20,29,,XONOTICPEPE,4000,0,4000
992,20,12,,WOKEPEPE,7777,0,7777
993,20,38,,PEPEHOTEP,7777,0,7777
994,20,46,,TRANSMEME,7777,0,7777
995,20,9,,PEPETITAN,10000,0,10000
996,20,4,,UNITEDPEPE,69411,0,69411
997,20,3,,KEKISTAN,100000,0,100000
998,21,50,,PEPLACE,4000,500,3500
999,21,24,,MELANCOLIE,264,132,132
1000,21,2,,ROOMRAREPEPE,100,23,77
1001,21,19,,KABUKIPEPE,181,10,171
1002,21,35,,BUBREAKUP,100,1,99
1003,21,49,,PEPENCEPTION,100,1,99
1004,21,1,,PEPETIA,100,0,100
1005,21,4,,PUMPINGPEPE,100,0,100
1006,21,8,,PEPELSD,100,0,100
1007,21,12,,COVPEPERARE,100,0,100
1008,21,13,,CULTOFKEK,100,0,100
1009,21,14,,PEPEFRED,100,0,100
1010,21,15,,PUREGOLDPEPE,100,0,100
1011,21,31,,THESKYPEPE,100,0,100
1012,21,32,,LUCHAPEPE,100,0,100
1013,21,37,,PEPEFOBIA,100,0,100
1014,21,45,,PSYKEKDELIC,100,0,100
1015,21,46,,EAZYP,100,0,100
1016,21,38,,PEPELARGE,101,0,101
1017,21,9,,BOWLPEPE,111,0,111
1018,21,39,,KEKENESIS,111,0,111
1019,21,44,,NECROPEPE,120,0,120
1020,21,43,,FATPEPSLIM,198,0,198
1021,21,16,,KAMIKAZEPEPE,200,0,200
1022,21,20,,GAMEOFPEPE,200,0,200
1023,21,29,,PEPEXECUTIVE,200,0,200
1024,21,42,,PEPEJIRO,200,0,200
1025,21,17,,ICPEPE,217,0,217
1026,21,3,,BOWIEPEP,300,0,300
1027,21,48,,PEPEGIRL,300,0,300
1028,21,34,,KEROPEPE,333,0,333
1029,21,7,,LUKEJRPEPE,500,0,500
1030,21,25,,PEPEANDY,500,0,500
1031,21,36,,PEPEMAONE,500,0,500
1032,21,21,,HULAPEPE,808,0,808
1033,21,23,,MAUIPEPE,808,0,808
1034,21,26,,DUMMIES,900,0,900
1035,21,11,,DANNIBOIPEPE,999,0,999
1036,21,22,,PEPEHAMMER,1000,0,1000
1037,21,30,,TADPOLEPEPE,1000,0,1000
1038,21,41,,MUNETOPEPE,1000,0,1000
1039,21,6,,PEPETOPKEK,1110,0,1110
1040,21,10,,GAMEBOIPEPE,1989,0,1989
1041,21,27,,LIBERTYPEPE,2017,0,2017
1042,21,5,,ICARUSPEPE,3333,0,3333
1043,21,40,,SICKDEVPEPE,5000,0,5000
1044,21,33,,PEPEPLISSKEN,8888,0,8888
1045,21,47,,PBOCPEPE,8888,0,8888
1046,21,18,,PEPEBALL,10000,0,10000
1047,21,28,,PEPEGOP,10000,0,10000
1048,22,49,,PEPESURRECT,200,167,33
1049,22,50,,PEPETREK,250,150,100
1050,22,8,,PEPEREALM,1000,123,877
1051,22,6,,PEPEGIGGITY,169,100,69
1052,22,3,,PEPEFALLOUT,100,51,49
1053,22,19,,MCGREGOR,100,1,99
1054,22,29,,BAGHOLDRPEPE,100,1,99
1055,22,31,,MAYWEATHPEPE,100,1,99
1056,22,9,,PEPETUUR,100,0,100
1057,22,10,,PEPOCKY,100,0,100
1058,22,21,,PEPERRIDA,100,0,100
1059,22,23,,PEPENAL,100,0,100
1060,22,28,,PEPEVINNY,100,0,100
1061,22,38,,PEPELVSD,100,0,100
1062,22,40,,PEPESUMO,100,0,100
1063,22,42,,WALLPEPE,100,0,100
1064,22,44,,PEPEKICKS,100,0,100
1065,22,48,,PEPEBOBBY,100,0,100
1066,22,26,,PEPEYOTES,111,0,111
1067,22,47,,PEPESOURCE,111,0,111
1068,22,15,,CINEKEK,117,0,117
1069,22,45,,EXKEKUTIONER,124,0,124
1070,22,32,,PEPEINTRO,132,0,132
1071,22,35,,PEPEPOET,154,0,154
1072,22,7,,CREWLOVEPEPE,200,0,200
1073,22,12,,DOGSALL,200,0,200
1074,22,13,,PEPELUFFY,200,0,200
1075,22,34,,PEPEHARING,250,0,250
1076,22,24,,PEPMONDRIAN,278,0,278
1077,22,2,,PEPEPALACE,300,0,300
1078,22,11,,MEMEFIGHTERS,300,0,300
1079,22,16,,MYSPEPE,300,0,300
1080,22,17,,ENGELPEPE,300,0,300
1081,22,37,,PEPENARUTO,300,0,300
1082,22,43,,PEPESAILOR,300,0,300
1083,22,39,,PEPENATTI,333,0,333
1084,22,27,,PMOPEPE,555,0,555
1085,22,46,,FIGHTSYSTEM,555,0,555
1086,22,5,,SQUATCHPEPE,1000,0,1000
1087,22,14,,SEXYLADYPEPE,1000,0,1000
1088,22,36,,MADARAPEPE,1000,0,1000
1089,22,22,,DONTBEMENACE,1111,0,1111
1090,22,4,,SCHROEPEPE,1935,0,1935
1091,22,41,,VINCEMCPEPE,1945,0,1945
1092,22,1,,PEPEMOTHRA,1961,0,1961
1093,22,33,,PEPEROGAN,1967,0,1967
1094,22,20,,MOBIUSPEPE,1999,0,1999
1095,22,30,,PEPESAIYAN,2000,0,2000
1096,22,18,,GTPEPE,2001,0,2001
1097,22,25,,DELOREANPEPE,2140,0,2140
1098,23,32,,PEPEFAUCET,88888,888,88000
1099,23,29,,PEPEACIDTRIP,450,250,200
1100,23,47,,EPEPESODEONE,100,97,3
1101,23,21,,RABBIPEPE,100,90,10
1102,23,19,,GUARDSASKIAN,100,85,15
1103,23,23,,OPTIMUSPEPE,100,41,59
1104,23,46,,DIERCHANCHU,100,7,93
1105,23,40,,TAKAKO,100,1,99
1106,23,1,,GUYBRUSH,100,0,100
1107,23,6,,BARBARICPEPE,100,0,100
1108,23,9,,HODLWOOD,100,0,100
1109,23,11,,LOWRIDERPEPE,100,0,100
1110,23,12,,PEPEAMANDA,100,0,100
1111,23,15,,PEPETARO,100,0,100
1112,23,16,,PEROCHI,100,0,100
1113,23,20,,PEPESHADES,100,0,100
1114,23,31,,ISEEYOUPEPE,100,0,100
1115,23,35,,GNITEPEPE,100,0,100
1116,23,36,,CYBERPEPE,100,0,100
1117,23,37,,LIZZFACEPEPE,100,0,100
1118,23,38,,PEPECARNIVAL,100,0,100
1119,23,42,,PEPEDRAGO,100,0,100
1120,23,45,,SANPOPEPE,100,0,100
1121,23,48,,PEPEEVO,100,0,100
1122,23,28,,WILEPEPE,111,0,111
1123,23,8,,FEELSPEPE,120,0,120
1124,23,7,,MODIPEPE,127,0,127
1125,23,22,,PHNTOMOFPEPE,132,0,132
1126,23,26,,PEPELITTLE,149,0,149
1127,23,43,,PEPEHERO,150,0,150
1128,23,17,,SPEPECTRE,200,0,200
1129,23,30,,GETPEPEFREE,200,0,200
1130,23,10,,ISOPEPE,300,0,300
1131,23,39,,PEPEGOKU,300,0,300
1132,23,44,,PEPEDRACULA,300,0,300
1133,23,50,,PEPESCOOBY,347,0,347
1134,23,33,,PEPEWATCH,350,0,350
1135,23,34,,BUGSPEPE,384,0,384
1136,23,18,,FLINTPEPE,391,0,391
1137,23,2,,RICKYPEPE,500,0,500
1138,23,5,,RINGITPEPE,500,0,500
1139,23,24,,CINDERPEPE,500,0,500
1140,23,27,,PEPEWONKA,500,0,500
1141,23,49,,PEPEGROUNDS,500,0,500
1142,23,13,,PEPELAVEY,666,0,666
1143,23,14,,PEPESURF,777,0,777
1144,23,41,,PEPEBRICCO,1000,0,1000
1145,23,3,,PEPETERSON,1962,0,1962
1146,23,25,,PEPEGHIDORAH,1964,0,1964
1147,23,4,,BAYLOP,1968,0,1968
1148,24,3,,TUPACPEP,300,200,100
1149,24,17,,HAIKUPEPE,181,10,171
1150,24,38,,WHOTHATPEPE,21996,7,21989
1151,24,5,,PEPENGAROO,100,0,100
1152,24,6,,HISTORICPEPE,100,0,100
1153,24,7,,PEPESWORD,100,0,100
1154,24,13,,PEPEHARU,100,0,100
1155,24,26,,PEPESAMSON,100,0,100
1156,24,30,,DECENTRAPEPE,100,0,100
1157,24,31,,POKERPEPE,100,0,100
1158,24,33,,PEPESPINNER,100,0,100
1159,24,36,,PEPEAKI,100,0,100
1160,24,41,,PEPEWYATT,100,0,100
1161,24,29,,PEPESACE,111,0,111
1162,24,35,,PEPETHUR,120,0,120
1163,24,16,,KANDINSKYPEP,150,0,150
1164,24,34,,PLAYBOYPEPE,153,0,153
1165,24,11,,PEPESEARCH,200,0,200
1166,24,12,,PEPEHOPE,200,0,200
1167,24,44,,SOJOURNPEPE,200,0,200
1168,24,49,,PEPERECALL,200,0,200
1169,24,20,,PEPEWAT,271,0,271
1170,24,8,,UKIYOEPEPE,278,0,278
1171,24,10,,UZUMAKIPEPE,300,0,300
1172,24,21,,PEPEDETCTVE,300,0,300
1173,24,28,,KIGURUMIPEPE,300,0,300
1174,24,39,,PEPEKAPARKER,300,0,300
1175,24,47,,JOJOXPEPE,300,0,300
1176,24,42,,DRAGONKEK,309,0,309
1177,24,25,,PEPETHREESIX,316,0,316
1178,24,45,,PEPEHOMER,327,0,327
1179,24,24,,PEPEWHITE,375,0,375
1180,24,2,,PEPELEVI,400,0,400
1181,24,37,,PEPEICHIGO,400,0,400
1182,24,1,,PEPEKARMA,404,0,404
1183,24,43,,PEPECONTRACT,404,0,404
1184,24,27,,PEPEARTHUR,426,0,426
1185,24,48,,PEPEPOLLOCK,444,0,444
1186,24,15,,LILMERMAID,450,0,450
1187,24,19,,PEPEMEGAMAN,450,0,450
1188,24,50,,CLIFFORDPEPE,472,0,472
1189,24,4,,HLYPEPANCAKE,500,0,500
1190,24,40,,PEPEPHARAON,500,0,500
1191,24,32,,PEPECHAIRMAN,777,0,777
1192,24,22,,KEKOFWAR,1000,0,1000
1193,24,9,,SZECHUANPEPE,1001,0,1001
1194,24,18,,FASTPEPE,1320,0,1320
1195,24,14,,PEPECHARLES,3295,0,3295
1196,24,23,,QPEPE,5000,0,5000
1197,24,46,,DOHCASH,100000,0,100000
1198,25,8,,MRPPBUTTHOLE,99999,999,99000
1199,25,24,,PEPEDIRECTOR,100,90,10
1200,25,17,,YAMAPEPE,100,83,17
1201,25,9,,TOBIASPEPE,300,10,290
1202,25,3,,SPEEDPEPE,100,0,100
1203,25,6,,PEPEDJ,100,0,100
1204,25,11,,PEPFICTION,100,0,100
1205,25,13,,PEPEOLDTRADE,100,0,100
1206,25,15,,MATSURIPEPE,100,0,100
1207,25,16,,PEPEON,100,0,100
1208,25,26,,PEPEFUYU,100,0,100
1209,25,27,,PEPEHAND,100,0,100
1210,25,33,,BERLINPEPE,100,0,100
1211,25,35,,DARKSIDEPEPE,100,0,100
1212,25,36,,ENTERTHEPEPE,100,0,100
1213,25,40,,PEPEPENPEN,100,0,100
1214,25,41,,PEPESPLANET,100,0,100
1215,25,42,,PEPOLLO,100,0,100
1216,25,43,,RINGOFPEPE,100,0,100
1217,25,46,,STANPEPEE,100,0,100
1218,25,49,,WHOAPEPE,100,0,100
1219,25,29,,PEPEZEUS,111,0,111
1220,25,12,,PEPESAKURA,120,0,120
1221,25,28,,PEPEPORTRAIT,132,0,132
1222,25,32,,PEPEANDSON,132,0,132
1223,25,50,,MYFIRSTPEPE,141,0,141
1224,25,7,,PEPEDROID,150,0,150
1225,25,34,,CUBISTPEPE,150,0,150
1226,25,44,,RPBANHAMMER,177,0,177
1227,25,10,,RARECHERRY,180,0,180
1228,25,47,,THEPEPENATOR,300,0,225
1229,25,31,,FINNPEPE,293,0,293
1230,25,14,,PEPEHUNTER,300,0,300
1231,25,25,,PEPEFRACTAL,300,0,300
1232,25,30,,FAIRYODDPEPE,369,0,369
1233,25,19,,JASMINEPEPE,425,0,425
1234,25,2,,PEPEJEANS,500,0,500
1235,25,21,,PEPEAIRLINES,500,0,500
1236,25,48,,TOMATOPEPE,777,0,777
1237,25,1,,CEETHREEPEPE,1000,0,1000
1238,25,22,,XCHAINPEPE,1000,0,1000
1239,25,45,,RUBIXPEPE,1000,0,1000
1240,25,39,,PEPEJOKER,1650,0,1650
1241,25,20,,PEAKYPEPE,1921,0,1921
1242,25,4,,BACKTOPEPE,2000,0,2000
1243,25,37,,PEPEFMYLIFE,2000,0,2000
1244,25,23,,PEPEA,2222,0,2222
1245,25,5,,KPEPE,10000,0,10000
1246,25,18,,EPEENPEPE,42220,0,42220
1247,25,38,,CHAMPAGNETNT,100000,0,100000
1248,26,50,,PEPESINCITY,132,124,8
1249,26,10,,PEPESUMMER,200,100,100
1250,26,44,,PEPELMINING,100,84,16
1251,26,40,,BEATLESPEPE,200,50,150
1252,26,41,,KITANO,100,1,99
1253,26,2,,RAREPPODCAST,100000,1,99999
1254,26,3,,PEPEMOM,100,0,100
1255,26,13,,SCREAMPEPE,100,0,100
1256,26,16,,VAULTBOYPEPE,100,0,100
1257,26,23,,PEPEOLDCASH,100,0,100
1258,26,25,,TETSUWANPEPE,100,0,100
1259,26,26,,SMELLPEPE,100,0,100
1260,26,29,,CREMAPEPE,100,0,100
1261,26,31,,PEPEHEMAN,100,0,100
1262,26,36,,YANAGINIPEPE,100,0,100
1263,26,38,,GIPEPE,100,0,100
1264,26,45,,HAPPYRAINY,100,0,100
1265,26,32,,PEPEHOLOGRAM,101,0,101
1266,26,47,,PEPEJORN,120,0,120
1267,26,15,,UNCLEPEPESAM,123,0,123
1268,26,35,,SAILMOONPEPE,132,0,132
1269,26,7,,FUJINPEPE,150,0,150
1270,26,34,,SENJUPEPE,150,0,150
1271,26,49,,RAIJINPEPE,150,0,150
1272,26,27,,WWFPEPE,222,0,222
1273,26,46,,KUMADORIPEPE,222,0,222
1274,26,5,,PEPEVANEYCK,234,0,234
1275,26,28,,TITANICPEPE,278,0,278
1276,26,19,,FEATHERSPEPE,300,0,300
1277,26,21,,PEPEASTROBOY,300,0,300
1278,26,42,,SWAROPEPE,300,0,300
1279,26,6,,FTERTHERAIN,333,0,333
1280,26,17,,VEGANPEPE,342,0,342
1281,26,39,,PEPEBOW,360,0,360
1282,26,14,,SLEEPINGPEPE,400,0,400
1283,26,1,,PEPESHIELD,420,0,420
1284,26,33,,PLEGO,420,0,420
1285,26,12,,PEPEVANHALEN,500,0,500
1286,26,24,,PEPERAILWAYS,500,0,500
1287,26,37,,BATTLEPEPE,500,0,500
1288,26,43,,PEPEAMAZING,500,0,500
1289,26,48,,PEPENSTEIN,623,0,623
1290,26,20,,FULMETALPEPE,650,0,650
1291,26,4,,PEPELOUX,1000,0,1000
1292,26,8,,NURSEPEPE,1000,0,1000
1293,26,11,,PEPETONE,1000,0,1000
1294,26,18,,VERYDOGEPEPE,10000,0,10000
1295,26,22,,PEPELETTERA,10000,0,10000
1296,26,30,,JPEPE,10000,0,10000
1297,26,9,,PEPEFONDLERS,19888,0,19888
1298,27,3,,THEKINGPEPE,200,100,100
1299,27,19,,NOHPEPE,181,10,171
1300,27,37,,PEPERONCINO,181,10,171
1301,27,1,,PEPESTAFF,100,0,100
1302,27,5,,HUMBLEPEPE,100,0,100
1303,27,7,,CLAYPEPE,100,0,100
1304,27,8,,RAREAPPLE,100,0,100
1305,27,11,,PAWNTHELAMBO,100,0,100
1306,27,14,,PENPEN,100,0,100
1307,27,20,,ENDRACISMPE,100,0,100
1308,27,22,,YUGUREPEPE,100,0,100
1309,27,23,,VIKINGSPEPE,100,0,100
1310,27,25,,PEPEPEARL,100,0,100
1311,27,27,,PEPEINSIDE,100,0,100
1312,27,30,,POSTMDRNPEPE,100,0,100
1313,27,31,,PEPEFAMOUS,100,0,100
1314,27,32,,NOBORDERPEPE,100,0,100
1315,27,33,,PEPEANDROID,100,0,100
1316,27,34,,PEPECOURAGE,100,0,100
1317,27,35,,KUNGFUPEPE,100,0,100
1318,27,36,,UMENIPEPE,100,0,100
1319,27,39,,PEPEHITMAN,100,0,100
1320,27,41,,BLINGBLING,100,0,100
1321,27,42,,DAPHNIAPEPE,100,0,100
1322,27,46,,FREETIBETPP,100,0,100
1323,27,44,,FLATEARTH,103,0,103
1324,27,10,,DEUSEXPEPE,111,0,111
1325,27,43,,FILEONPEPE,111,0,111
1326,27,48,,GLUTTONYPEPE,120,0,120
1327,27,12,,ORTRAILPEPE,150,0,150
1328,27,16,,PEPEDOL,200,0,200
1329,27,28,,PEPEAGYO,200,0,200
1330,27,45,,FLOWERPEPE,200,0,200
1331,27,17,,PEPEGRAM,234,0,234
1332,27,38,,MINDPEPEHOFF,256,0,256
1333,27,26,,PEPELCHTNSTN,275,0,275
1334,27,6,,ROTATINGPEPE,300,0,300
1335,27,13,,RONINKEK,310,0,310
1336,27,4,,PACPEP,333,0,333
1337,27,21,,PEPESIGNGUY,411,0,411
1338,27,2,,WEEDTIME,420,0,420
1339,27,24,,PEPESAILORV,500,0,500
1340,27,9,,SODAPEPENSKI,888,0,888
1341,27,15,,PEPEBUSTER,1000,0,1000
1342,27,29,,MYSTERYPEPE,1111,0,1111
1343,27,40,,PEPEJUICE,1111,0,1111
1344,27,47,,GAMESOFTRUMP,1717,0,1717
1345,27,18,,QQPEPE,3000,0,3000
1346,27,49,,JJPEPE,3000,0,3000
1347,27,50,,KKPEPE,3000,0,3000
1348,28,49,,KEKLORDGABEN,202,101,101
1349,28,3,,MYLADYPEPE,100,93,7
1350,28,46,,VANILLAPEPE,200,75,125
1351,28,12,,PEPEUNGYO,200,0,100
1352,28,13,,RAINYPEPE,200,0,100
1353,28,14,,RAMBOPEPE,200,0,100
1354,28,1,,JAPANESEPEPE,100,0,100
1355,28,2,,MRSTAYPEPT,100,0,100
1356,28,5,,PEPEDDIT,100,0,100
1357,28,16,,PEPEYAKUZA,100,0,100
1358,28,17,,NAMIDAPEPE,100,0,100
1359,28,20,,DRUNKENPEPE,100,0,100
1360,28,22,,DEGENERPEPE,100,0,100
1361,28,23,,CUPIDPEPE,100,0,100
1362,28,28,,SAKURANIPEPE,100,0,100
1363,28,29,,PEPEFICRIM,100,0,100
1364,28,31,,NATIVEPEPETH,100,0,100
1365,28,32,,TALESPEPE,100,0,100
1366,28,33,,THUNDERPEPS,100,0,100
1367,28,35,,PEPEAFRIKA,100,0,100
1368,28,36,,PEPEAIR,100,0,100
1369,28,39,,TAKOPEPE,100,0,100
1370,28,43,,PEPESTORM,100,0,100
1371,28,44,,SEASIDEPEPE,100,0,100
1372,28,45,,TEMPURAPEPE,100,0,100
1373,28,37,,VINTAGEPEP,101,0,101
1374,28,30,,PEKMAN,111,0,111
1375,28,42,,PEPEBOUNTY,111,0,111
1376,28,19,,PEPECINDERS,120,0,120
1377,28,50,,PEPEDRYAD,120,0,120
1378,28,4,,PEPAPINUP,150,0,150
1379,28,26,,PEPEPET,150,0,150
1380,28,41,,MONEYPEPE,199,0,199
1381,28,18,,PEPEZONCARD,200,0,200
1382,28,34,,FROGBUS,200,0,200
1383,28,11,,PEPESAX,150,0,200
1384,28,10,,PEPEIMPOSER,100,0,200
1385,28,15,,PEPEMANTIS,100,0,200
1386,28,7,,PEPEKIDROBOT,222,0,222
1387,28,38,,PEPETIE,250,0,250
1388,28,40,,BEATPEPE,299,0,299
1389,28,6,,PEPEDUCK,300,0,300
1390,28,47,,KAWAPEPE,300,0,300
1391,28,8,,PEPELEGOMAN,420,0,420
1392,28,21,,YUMMYPEPE,500,0,500
1393,28,48,,PENIC,500,0,500
1394,28,27,,PEPETIN,555,0,555
1395,28,9,,PEPELIKE,1000,0,1000
1396,28,25,,PEPEKNIEVEL,1500,0,1500
1397,28,24,,FRESHPEPE,1994,0,1994
1398,29,28,,BOBDOBBS,2323,2300,23
1399,29,1,,KINGYOPEPE,100,0,100
1400,29,2,,PEPEJERICHO,100,0,100
1401,29,5,,SUSUKINIPEPE,100,0,100
1402,29,8,,PEPEWORLDCUP,100,0,100
1403,29,9,,PEPESURFING,100,0,100
1404,29,10,,MASTERSPEPE,100,0,100
1405,29,11,,WORLDOFPEPE,100,0,100
1406,29,12,,FLYINGACEPEP,100,0,100
1407,29,16,,PSEUDOPEPE,100,0,100
1408,29,23,,CLOWNPEPE,100,0,100
1409,29,24,,PEPENIN,100,0,100
1410,29,26,,PEPEJPN,100,0,100
1411,29,29,,COLORPEPE,100,0,100
1412,29,32,,LILUPEPE,100,0,100
1413,29,33,,PEPEGETABLE,100,0,100
1414,29,35,,ENGLISHPEPE,100,0,100
1415,29,40,,MATSUNIPEPE,100,0,100
1416,29,41,,MAXPEPE,100,0,100
1417,29,42,,PEPEBANDICUT,100,0,100
1418,29,45,,PEPEDARKSIDE,100,0,100
1419,29,46,,PEPEFOREVER,100,0,100
1420,29,48,,PEPTARO,100,0,100
1421,29,49,,PROCESSPEPE,100,0,100
1422,29,50,,SELFPORTRAIT,100,0,100
1423,29,6,,PEPELINK,101,0,101
1424,29,44,,PEPECIGARS,101,0,101
1425,29,21,,PROPHECYPEPE,120,0,120
1426,29,3,,PEPEPUNKDOLL,128,0,128
1427,29,22,,CHINAPEPE,150,0,150
1428,29,25,,PEPERIKISHI,150,0,150
1429,29,34,,BETTYPEPE,150,0,150
1430,29,43,,PEPEBASS,150,0,150
1431,29,27,,PEPESCREAM,198,0,198
1432,29,37,,GTAPEP,199,0,199
1433,29,39,,KICKPEPE,199,0,199
1434,29,30,,PEPEXGALLERY,227,0,227
1435,29,4,,PUNCHPEPE,249,0,249
1436,29,47,,PEPEYIP,250,0,250
1437,29,13,,MANDARAPEPE,300,0,300
1438,29,17,,KEKANC,300,0,300
1439,29,31,,PEPEUN,300,0,300
1440,29,36,,GOLDGODPEPE,300,0,300
1441,29,7,,RARETEMPLATE,360,0,360
1442,29,14,,PAKALOLO,808,0,808
1443,29,18,,PEPEAA,1000,0,1000
1444,29,38,,JOKERPE,1111,0,1111
1445,29,20,,WAMPUMPEPE,1683,0,1683
1446,29,19,,PEPECGYVER,2000,0,2000
1447,29,15,,VRPEPE,99999,0,99999
1448,30,49,,PEPLACERESLT,4100,500,3600
1449,30,1,,PEPEZAALBINO,100,0,100
1450,30,6,,PEPEAN,100,0,100
1451,30,7,,DOMPEPENON,100,0,100
1452,30,9,,PEPECLOKWORK,100,0,100
1453,30,10,,PEPESHIRT,100,0,100
1454,30,15,,JONSNOWPEPE,100,0,100
1455,30,17,,PEPEPEACE,100,0,100
1456,30,18,,PEPERAKUL,100,0,100
1457,30,19,,MRHANSEL,100,0,100
1458,30,20,,PEPEHEFNER,100,0,100
1459,30,21,,LONELYPEPE,100,0,100
1460,30,22,,MIKOPEPE,100,0,100
1461,30,24,,NINJAPEPE,100,0,100
1462,30,25,,PEPEIRI,100,0,100
1463,30,26,,PEPEWOMAN,100,0,100
1464,30,31,,GOODBYEPEPE,100,0,100
1465,30,32,,MONSTERPEPE,100,0,100
1466,30,35,,PEPETSAMURAI,100,0,100
1467,30,38,,PEPEIRON,100,0,100
1468,30,40,,PEPEBANG,100,0,100
1469,30,41,,SANDORPEPE,100,0,100
1470,30,42,,GANGPEPE,100,0,100
1471,30,43,,UNGAISOUTEN,100,0,100
1472,30,44,,CARTOONPEPE,100,0,100
1473,30,46,,PEPETE,100,0,100
1474,30,47,,PEPEARROW,100,0,100
1475,30,39,,KEKALITY,111,0,111
1476,30,11,,REAPERPEPE,120,0,120
1477,30,14,,HYPNOTIST,123,0,123
1478,30,27,,PEPMANIA,149,0,149
1479,30,16,,BACKPAGEPEPE,169,0,169
1480,30,30,,PEPENOMIST,175,0,175
1481,30,12,,PEPETTER,195,0,195
1482,30,34,,PEPEBRIEFS,195,0,195
1483,30,36,,SATOSHIRARE,214,0,214
1484,30,4,,PIRATESPEPES,250,0,250
1485,30,5,,PEPEBRAIN,250,0,250
1486,30,8,,DOTPEPE,300,0,300
1487,30,45,,PEPEFORM,300,0,300
1488,30,29,,VIRUSPEPE,321,0,321
1489,30,28,,TRANSPOSE,444,0,444
1490,30,37,,KEKRESURRECT,600,0,500
1491,30,33,,NAHUAL,500,0,500
1492,30,2,,TIKIPEPE,808,0,808
1493,30,48,,SHADILOUNGE,808,0,808
1494,30,13,,EMBRYOPEPE,999,0,999
1495,30,23,,MIYAKO,1000,0,1000
1496,30,50,,INVISIBLPEPE,1500,0,1500
1497,30,3,,YELLPEPE,2600,0,2600
1498,31,8,,PEPEAKIBA,100,1,99
1499,31,4,,PEPECAFFE,100,0,100
1500,31,5,,SPACEMOUTH,100,0,100
1501,31,9,,LIGHTITON,100,0,100
1502,31,11,,CRYPTOPEPES,100,0,100
1503,31,12,,THEPEPEHOFF,100,0,100
1504,31,13,,PEPELOCATION,100,0,100
1505,31,14,,SPADESPEPE,100,0,100
1506,31,17,,UGANDANPEPE,100,0,100
1507,31,18,,GROYPMAN,100,0,100
1508,31,21,,PEPEHAWKING,100,0,100
1509,31,22,,HODLERPEPE,100,0,100
1510,31,27,,PEPENNATOR,100,0,100
1511,31,28,,BULLSEYEPEPE,100,0,100
1512,31,31,,JANDPEPE,100,0,100
1513,31,32,,MMXVIII,100,0,100
1514,31,35,,KEKOGGS,100,0,100
1515,31,37,,GROYLEX,100,0,100
1516,31,43,,HEARTSPEPE,100,0,100
1517,31,45,,PEPECLOCK,100,0,100
1518,31,50,,PEPEPEACOCK,100,0,100
1519,31,1,,RAREGROYPER,103,0,103
1520,31,7,,WEREWOLFKEK,105,0,105
1521,31,15,,PEPETAXMAN,111,0,111
1522,31,20,,PEPEWISHPERS,111,0,111
1523,31,33,,PEPEWAY,111,0,111
1524,31,2,,OUIJAPEPE,132,0,132
1525,31,38,,INDIANAPEPE,150,0,150
1526,31,34,,SHININGXPEPE,151,0,151
1527,31,42,,NIGHTKINGPEP,200,0,200
1528,31,25,,RAREPEGO,300,0,300
1529,31,46,,KEKEVOLUTION,310,0,310
1530,31,29,,PEPEDARWIN,333,0,333
1531,31,10,,GROYPAUCTION,350,0,350
1532,31,26,,JURASSICKEK,350,0,350
1533,31,49,,CONSPIRATARD,420,0,420
1534,31,6,,PEPEKK,499,0,499
1535,31,48,,PEPEJ,499,0,499
1536,31,44,,GROYPERMONKY,500,0,500
1537,31,16,,PEPEKITTIES,700,0,700
1538,31,3,,LITTLEGREEN,1000,0,1000
1539,31,19,,COINEATER,1000,0,1000
1540,31,23,,PEPEDAUGHTER,1000,0,1000
1541,31,24,,MAJESTYPEPE,1000,0,1000
1542,31,40,,CALMHODLPEPE,1000,0,1000
1543,31,41,,MEGAPEPEMAN,1000,0,1000
1544,31,47,,PEDURO,1000,0,1000
1545,31,39,,PEPESTRY,1066,0,1066
1546,31,36,,MRTALPHA,1952,0,1952
1547,31,30,,PEPEROCKWELL,1960,0,1960
1548,32,13,,CACTUSPEPE,1000,997,3
1549,32,17,,POWH,250,250,0
1550,32,45,,ROCKETPEPE,200,101,99
1551,32,23,,PEPEANGEL,100,99,1
1552,32,38,,HORRORCOIN,100,50,50
1553,32,40,,FLAMINPEPE,300,30,270
1554,32,19,,LAUGHINGMAN,31949,1,31948
1555,32,4,,KFPEPE,100,0,100
1556,32,5,,PEPECAKEK,100,0,100
1557,32,8,,PEPESINLOVE,100,0,100
1558,32,9,,PEPEXMAS,100,0,100
1559,32,12,,WITCHPEPE,100,0,100
1560,32,18,,DIAMONDSPEPE,100,0,100
1561,32,20,,LEIAORGAPEPE,100,0,100
1562,32,21,,PAXOLOTL,100,0,100
1563,32,22,,PEPEAMANIA,100,0,100
1564,32,24,,PEPEFLIES,100,0,100
1565,32,27,,PEPEPOST,100,0,100
1566,32,29,,PIRATPEPE,100,0,100
1567,32,30,,PEPEMICO,100,0,100
1568,32,31,,BCCPEPE,100,0,100
1569,32,34,,THENEWYORKEK,100,0,100
1570,32,36,,BARBARIANPEP,100,0,100
1571,32,37,,CLUBSPEPE,100,0,100
1572,32,39,,ECLIPTICPEPE,100,0,100
1573,32,42,,PEPEBOSCH,100,0,100
1574,32,43,,PEPEKFC,100,0,100
1575,32,48,,CERSEIPEPE,100,0,100
1576,32,50,,HOODEDPEPE,100,0,100
1577,32,6,,PSYCHICPEPE,111,0,111
1578,32,10,,RARELEAGUE,111,0,111
1579,32,44,,PEPEMNEMONIC,111,0,111
1580,32,46,,SKULLPEPE,113,0,113
1581,32,41,,MERMAIDPEPE,114,0,114
1582,32,25,,PEPEMOJI,133,0,133
1583,32,1,,PEPEPARIETAL,150,0,150
1584,32,26,,PEPEOPOLIS,150,0,150
1585,32,28,,PEPEPRAKEK,300,0,300
1586,32,14,,SPACECOOKIE,420,0,420
1587,32,15,,PEPEQQ,499,0,499
1588,32,2,,EGGPLANTMKNY,500,0,500
1589,32,33,,ONEEYEMONKEY,500,0,500
1590,32,32,,SISTNCHAPEPE,666,0,666
1591,32,49,,FAIRYCASH,777,0,777
1592,32,7,,PEPENOK,1000,0,1000
1593,32,3,,GROYPERTL,5426,0,5426
1594,32,47,,TSUNADE,8085,0,8085
1595,32,11,,SUCKMYPEPE,10000,0,10000
1596,32,16,,REALPEPEOFBH,10000,0,10000
1597,32,35,,YUNOPEPE,100000,0,100000
1598,33,47,,PEPEROOTS,200,100,100
1599,33,35,,TRAININGT,100,93,7
1600,33,34,,SALVATORPEPE,100,55,45
1601,33,1,,GROYONOMICON,100,0,100
1602,33,2,,BADWISHES,100,0,100
1603,33,6,,RAREQUEEM,100,0,100
1604,33,16,,JUDYPEPE,100,0,100
1605,33,17,,HODLPEPECASH,100,0,100
1606,33,25,,PEPECAGE,100,0,100
1607,33,27,,COBAINPEPE,100,0,100
1608,33,28,,PEPEMIND,100,0,100
1609,33,29,,PEPECART,100,0,100
1610,33,32,,RAOULDUKEPEP,100,0,100
1611,33,36,,WAYPEPE,100,0,100
1612,33,37,,PEPEPRINT,100,0,100
1613,33,43,,PEPETOBI,100,0,100
1614,33,46,,CHUWAPEPE,100,0,100
1615,33,50,,RAREINKONE,100,0,100
1616,33,38,,PEPEHONGKONG,101,0,101
1617,33,48,,PEPEVYPER,101,0,101
1618,33,26,,BODYBACKPEPE,111,0,111
1619,33,9,,MURASAKIPEPE,114,0,114
1620,33,24,,PUFFPEPE,125,0,125
1621,33,30,,MARGINED,144,0,144
1622,33,5,,PEPEGRAFFITI,150,0,150
1623,33,18,,FORKPEPE,150,0,150
1624,33,19,,BABERUTHPEPE,150,0,150
1625,33,22,,OROCHIPEPE,200,0,200
1626,33,33,,ROADMAPEPE,200,0,200
1627,33,42,,PEPEMUACK,200,0,200
1628,33,45,,STORMYTRUMP,222,0,222
1629,33,44,,KEKMONTECRLO,240,0,240
1630,33,3,,KEKFURY,250,0,250
1631,33,10,,FFFFFFFFFFFF,250,0,250
1632,33,23,,PEPEAFRIKEK,250,0,250
1633,33,12,,NATTYALPHA,300,0,300
1634,33,39,,PEPEKUN,300,0,300
1635,33,20,,CARLOSPEPE,333,0,333
1636,33,49,,GROYPERDB,451,0,451
1637,33,13,,PEPETRO,500,0,500
1638,33,14,,BEAUTYPEPE,500,0,500
1639,33,21,,PAJAMASPEPE,500,0,500
1640,33,41,,PECTERIA,777,0,777
1641,33,4,,PEPEDICK,1000,0,1000
1642,33,11,,PEPETOULLE,1000,0,1000
1643,33,31,,PEPETHOR,1000,0,1000
1644,33,40,,PEPERCULESS,1000,0,1000
1645,33,7,,SICKPEPE,10000,0,10000
1646,33,8,,GERPER,10000,0,10000
1647,33,15,,BOOGERPEPE,10000,0,10000
1648,34,47,,HUCKAPEPE,200,100,100
1649,34,20,,SAKURAPENPEN,100,88,12
1650,34,44,,GROYAPEPE,100,50,50
1651,34,40,,BREITBARTPEP,777,7,770
1652,34,43,,GIANCARLO,100,1,99
1653,34,4,,CYBERPEP,100,0,100
1654,34,5,,CAPEPELE,100,0,100
1655,34,9,,SMALLRATPEPE,100,0,100
1656,34,11,,PEPEUBU,100,0,100
1657,34,12,,RARELEE,100,0,100
1658,34,13,,PEPEOLDONE,100,0,100
1659,34,17,,ILUMINATRARE,100,0,100
1660,34,21,,GAMABUNTA,100,0,100
1661,34,26,,NBAPEPE,100,0,100
1662,34,28,,PEPEMERMAN,100,0,100
1663,34,29,,PEPEDRINO,100,0,100
1664,34,32,,PEPETAR,100,0,100
1665,34,41,,CHERRYONTOP,100,0,100
1666,34,42,,GAMBITPEPE,100,0,100
1667,34,45,,GUNSNPEPES,100,0,100
1668,34,46,,HARAKIRIPEPE,100,0,100
1669,34,50,,PEPEDINHO,100,0,100
1670,34,6,,YODAPEPE,101,0,101
1671,34,2,,PEPERAREPEPE,111,0,111
1672,34,15,,CRIMINALPEPE,111,0,111
1673,34,19,,RARECARDDECK,111,0,111
1674,34,8,,PEPEJACKSON,120,0,120
1675,34,10,,XENOPEPE,123,0,123
1676,34,23,,RAREPEPENOTE,123,0,123
1677,34,14,,BATMANNPEPE,133,0,133
1678,34,3,,ITPEPE,150,0,150
1679,34,1,,CHECKPEPE,200,0,200
1680,34,16,,EATEPEPE,200,0,200
1681,34,18,,PEPEMASK,200,0,200
1682,34,24,,PEPESKEK,210,0,210
1683,34,38,,PINCHAN,230,0,230
1684,34,27,,PEPECEZANNE,255,0,255
1685,34,22,,PEPEBUZZ,300,0,300
1686,34,30,,PEPESGYM,300,0,300
1687,34,48,,JORDANPEPE,300,0,300
1688,34,49,,KEKKETY,444,0,444
1689,34,31,,MILLIONAIRPP,500,0,500
1690,34,34,,PEPEJOCKER,500,0,500
1691,34,35,,STONEPEPE,500,0,500
1692,34,7,,PEPEDESIGN,600,0,600
1693,34,25,,PEPENEON,1000,0,1000
1694,34,33,,PEPEIT,1000,0,1000
1695,34,36,,THEKING,1000,0,1000
1696,34,39,,PEPEHUNDRED,1000,0,1000
1697,34,37,,RPEPE,2000,0,2000
1698,35,2,,RAREZOMBIE,100,0,100
1699,35,4,,RAREPOTTER,100,0,100
1700,35,8,,KYUDOPEPE,100,0,100
1701,35,10,,PEBBLEE,100,0,100
1702,35,11,,NOBUSHIPEPE,100,0,100
1703,35,13,,PEPEDPOOL,100,0,100
1704,35,14,,THEMASKRARE,100,0,100
1705,35,16,,PEPENICTESLA,100,0,100
1706,35,17,,PEPEFURIOUS,100,0,100
1707,35,20,,PEPEGROYA,100,0,100
1708,35,21,,PEPERELOADED,100,0,100
1709,35,22,,RAREPITUFINA,100,0,100
1710,35,24,,PEPEAVENGER,100,0,100
1711,35,25,,PEPEACTION,100,0,100
1712,35,28,,PEPENAUT,100,0,100
1713,35,32,,PEPCASSO,100,0,100
1714,35,33,,PEPEFARMER,100,0,100
1715,35,35,,PEPENDRIX,100,0,100
1716,35,36,,RANGOPEPE,100,0,100
1717,35,38,,ZAZENPEPE,100,0,100
1718,35,41,,PEPEELITE,100,0,100
1719,35,42,,PENNYPEPE,100,0,100
1720,35,44,,YODAPEP,100,0,100
1721,35,46,,SPOCKPEPE,100,0,100
1722,35,47,,SNOWMANPEPE,100,0,100
1723,35,48,,SEDUSAPEP,100,0,100
1724,35,50,,PEPEREME,100,0,100
1725,35,6,,JOLIELEGPEPE,111,0,111
1726,35,15,,PEPELIBRIUM,111,0,111
1727,35,19,,WORLDPEPEHD,111,0,111
1728,35,30,,KRUEGERPEPE,120,0,120
1729,35,26,,TWOWEEKSPEPE,140,0,140
1730,35,23,,PRISONERPEPE,150,0,150
1731,35,40,,PYJAMASPEPE,170,0,170
1732,35,5,,LILROCKETMAN,200,0,200
1733,35,27,,UBUNTUPEPE,200,0,200
1734,35,9,,MATRYOSHKAPP,222,0,222
1735,35,31,,PEPALISA,230,0,230
1736,35,34,,PEPEMIRO,250,0,250
1737,35,1,,UNDEADPEPE,300,0,300
1738,35,7,,KUNAIKEK,300,0,300
1739,35,12,,PEPEADDICTS,300,0,300
1740,35,43,,PEBAY,366,0,366
1741,35,39,,PEPEPEEPS,666,0,666
1742,35,45,,XIPEPE,666,0,666
1743,35,18,,SHAKAPEPE,1000,0,1000
1744,35,29,,BULBEGAR,1000,0,1000
1745,35,37,,THELAWNMOWER,1000,0,1000
1746,35,49,,PICKLEPEPE,4200,0,4200
1747,35,3,,LTCPEPE,11111,0,11111
1748,36,15,,OMEGAPEPE,100,51,49
1749,36,6,,GENPEPE,100,0,100
1750,36,7,,MOONPEPESUN,100,0,100
1751,36,8,,PEPBOT,100,0,100
1752,36,10,,FASHIONPEP,100,0,100
1753,36,12,,PEPEGIANT,100,0,100
1754,36,17,,KATPEPA,100,0,100
1755,36,18,,ONSENPEPE,100,0,100
1756,36,21,,KINGRINGPEPE,100,0,100
1757,36,22,,HINAMATSURI,100,0,100
1758,36,24,,PEPEBUSHIDO,100,0,100
1759,36,19,,DAWNOTHEPEPE,111,0,111
1760,36,2,,MUPEPETS,117,0,117
1761,36,1,,PEPAGEISHA,120,0,120
1762,36,4,,CAMPINGPEPE,120,0,120
1763,36,23,,SPACEXPEPE,200,0,200
1764,36,9,,PECATRINA,222,0,222
1765,36,20,,MCGROYPER,222,0,222
1766,36,5,,WITCHRARE,299,0,299
1767,36,16,,PEPEBALLOON,300,0,300
1768,36,11,,PEFUNGUS,333,0,333
1769,36,14,,DELUXEPEPEHD,420,0,420
1770,36,13,,PEPEFANTASY,500,0,500
1771,36,3,,PEPEPAIDCARD,2018,0,2018
